feature,r_u,r_v,r_p,r_speed,r_abs_max,best_field
20,-0.0203,0.0330,0.7728,-0.0004,0.7728,r_p
50,-0.0201,0.0327,0.7725,-0.0002,0.7725,r_p
339,0.7277,-0.0922,-0.2998,0.7470,0.7470,r_speed
665,-0.6976,-0.0143,0.1502,-0.7227,0.7227,r_speed
954,0.6163,0.0739,-0.0694,0.6395,0.6395,r_speed
63,0.6182,0.0300,-0.2562,0.6354,0.6354,r_speed
690,-0.5871,-0.0470,-0.0525,-0.6351,0.6351,r_speed
750,0.5753,0.2459,0.0734,0.6085,0.6085,r_speed
603,0.5876,-0.0437,-0.3370,0.6083,0.6083,r_speed
722,-0.5239,-0.0575,0.1099,-0.5743,0.5743,r_speed
76,0.5541,-0.0265,-0.3154,0.5608,0.5608,r_speed
813,-0.0053,0.0502,0.5605,0.0205,0.5605,r_p
131,0.1399,-0.1110,0.5495,0.1793,0.5495,r_p
483,0.5050,0.3910,0.0976,0.5276,0.5276,r_speed
560,0.5193,-0.0261,-0.3444,0.5269,0.5269,r_speed
303,0.5078,0.2042,-0.2456,0.5268,0.5268,r_speed
791,-0.4802,-0.0390,-0.1208,-0.5160,0.5160,r_speed
854,0.1342,-0.5103,0.0613,0.2102,0.5103,r_v
640,-0.4621,-0.0355,0.2759,-0.5003,0.5003,r_speed
592,0.3129,0.1226,-0.4961,0.3340,0.4961,r_p
156,0.0750,0.0759,-0.4703,0.1534,0.4703,r_p
51,-0.1099,0.0102,-0.4640,-0.1116,0.4640,r_p
84,0.2594,-0.0656,-0.4615,0.3221,0.4615,r_p
816,-0.1421,0.0033,0.4605,-0.1439,0.4605,r_p
530,-0.2028,-0.0326,-0.4528,-0.1777,0.4528,r_p
772,-0.1050,-0.0518,-0.4526,-0.0767,0.4526,r_p
379,-0.4330,-0.0013,-0.0079,-0.4516,0.4516,r_speed
241,0.2109,0.3654,0.4478,0.2328,0.4478,r_p
389,-0.4272,-0.0015,0.1071,-0.4478,0.4478,r_speed
230,0.2712,-0.1291,-0.4468,0.3159,0.4468,r_p
263,-0.4282,-0.0033,0.2042,-0.4462,0.4462,r_speed
377,-0.0814,-0.0201,0.4451,-0.0754,0.4451,r_p
842,-0.4251,-0.0024,-0.0630,-0.4441,0.4441,r_speed
113,-0.0967,0.0882,0.4439,-0.1040,0.4439,r_p
395,0.4199,0.1542,0.1015,0.4430,0.4430,r_speed
768,0.1132,0.0540,0.4414,0.1334,0.4414,r_p
788,-0.4237,-0.0013,0.0848,-0.4402,0.4402,r_speed
702,0.1713,0.1060,-0.4401,0.2128,0.4401,r_p
414,-0.3849,0.0142,0.4395,-0.4018,0.4395,r_p
250,0.0881,0.1388,0.4376,0.1041,0.4376,r_p
565,-0.0554,-0.1362,-0.4346,-0.0084,0.4346,r_p
941,0.3044,-0.0990,-0.4323,0.3225,0.4323,r_p
753,-0.2196,0.0237,0.4303,-0.2288,0.4303,r_p
72,-0.0577,-0.1331,-0.4288,-0.0096,0.4288,r_p
382,-0.4121,-0.0081,-0.0287,-0.4267,0.4267,r_speed
662,0.1482,0.2340,0.4247,0.1841,0.4247,r_p
675,0.2353,0.0066,-0.4215,0.2400,0.4215,r_p
193,0.3365,-0.0566,-0.4164,0.3579,0.4164,r_p
298,-0.0484,0.1102,0.4152,-0.0104,0.4152,r_p
716,-0.3959,-0.0004,-0.0377,-0.4117,0.4117,r_speed
118,-0.3893,-0.0007,0.0130,-0.4029,0.4029,r_speed
397,0.0207,-0.0462,0.3997,0.0310,0.3997,r_p
435,-0.3809,0.0604,0.3426,-0.3965,0.3965,r_speed
39,0.3713,-0.0555,-0.1449,0.3953,0.3953,r_speed
754,0.3101,0.0488,-0.3943,0.3324,0.3943,r_p
457,0.2889,0.3930,0.3407,0.3170,0.3930,r_v
536,-0.3768,-0.0022,0.0835,-0.3929,0.3929,r_speed
296,-0.1988,0.0557,0.3916,-0.2081,0.3916,r_p
239,-0.3907,0.0468,0.0355,-0.3846,0.3907,r_u
731,-0.3677,-0.0129,-0.0081,-0.3896,0.3896,r_speed
123,0.3529,-0.1029,-0.2579,0.3880,0.3880,r_speed
12,-0.3706,-0.0201,0.0178,-0.3865,0.3865,r_speed
953,0.3761,0.0898,0.0376,0.3857,0.3857,r_speed
369,-0.0113,0.0683,-0.3798,0.0183,0.3798,r_p
866,-0.1596,0.0059,-0.3763,-0.1003,0.3763,r_p
704,0.1882,-0.0623,0.3717,0.2133,0.3717,r_p
185,-0.3452,-0.0844,-0.1042,-0.3696,0.3696,r_speed
834,0.0862,-0.1560,-0.3679,0.1188,0.3679,r_p
345,0.3649,-0.0901,-0.1931,0.3648,0.3649,r_u
780,-0.3397,-0.0028,0.1583,-0.3545,0.3545,r_speed
200,-0.3399,-0.0018,0.1451,-0.3535,0.3535,r_speed
967,-0.3391,-0.0008,0.0891,-0.3533,0.3533,r_speed
288,0.3528,0.0695,0.1912,0.3360,0.3528,r_u
519,-0.3360,-0.0012,0.0765,-0.3508,0.3508,r_speed
177,-0.3324,-0.0016,-0.0362,-0.3507,0.3507,r_speed
235,0.3334,-0.1542,-0.0116,0.3505,0.3505,r_speed
82,-0.0445,0.1621,0.3496,-0.0191,0.3496,r_p
700,0.0638,0.0766,0.3495,0.1160,0.3495,r_p
959,0.0523,0.0308,-0.3484,0.0492,0.3484,r_p
371,0.3200,-0.0973,0.0625,0.3461,0.3461,r_speed
523,0.3291,0.1932,0.1693,0.3460,0.3460,r_speed
800,0.3180,0.0197,-0.3450,0.3332,0.3450,r_p
514,-0.3286,-0.0006,0.0952,-0.3435,0.3435,r_speed
1019,0.1014,0.1349,0.3434,0.0837,0.3434,r_p
498,0.0868,0.1151,0.3429,0.0806,0.3429,r_p
664,-0.3289,-0.0008,-0.0264,-0.3428,0.3428,r_speed
67,-0.3279,-0.0004,-0.0280,-0.3408,0.3408,r_speed
1006,0.2776,-0.1035,-0.3389,0.2770,0.3389,r_p
433,0.2399,-0.0710,0.3385,0.2650,0.3385,r_p
719,0.1640,-0.3150,0.3372,0.2008,0.3372,r_p
624,0.1565,-0.3367,-0.0643,0.1875,0.3367,r_v
242,0.3359,-0.0115,-0.1366,0.3146,0.3359,r_u
532,-0.1083,-0.0267,0.3358,-0.1136,0.3358,r_p
919,0.0491,-0.0684,-0.3350,0.0445,0.3350,r_p
383,0.2297,-0.0297,-0.3341,0.2676,0.3341,r_p
294,-0.3181,-0.0045,-0.0343,-0.3325,0.3325,r_speed
102,-0.3088,-0.0150,0.3068,-0.3315,0.3315,r_speed
396,-0.3157,-0.0027,0.0452,-0.3310,0.3310,r_speed
1009,0.0061,-0.0879,-0.3298,0.0076,0.3298,r_p
75,-0.3168,-0.0006,-0.0052,-0.3283,0.3283,r_speed
254,-0.3134,-0.0014,0.1210,-0.3282,0.3282,r_speed
195,-0.3139,-0.0012,0.0105,-0.3282,0.3282,r_speed
694,-0.3111,-0.0005,0.0094,-0.3267,0.3267,r_speed
480,-0.3106,-0.0007,0.0723,-0.3266,0.3266,r_speed
809,-0.3128,-0.0008,-0.0265,-0.3260,0.3260,r_speed
625,0.3133,0.3145,-0.0547,0.3257,0.3257,r_speed
57,-0.2981,-0.0301,-0.2107,-0.3256,0.3256,r_speed
452,-0.3124,-0.0022,0.1395,-0.3253,0.3253,r_speed
425,-0.0083,0.1576,0.3245,0.0011,0.3245,r_p
839,0.0955,-0.0780,-0.3242,0.1139,0.3242,r_p
358,0.2514,-0.2542,0.3232,0.3011,0.3232,r_p
667,0.3165,-0.0061,0.0517,0.3225,0.3225,r_speed
444,-0.3090,-0.0009,0.0775,-0.3219,0.3219,r_speed
171,-0.3047,-0.0013,-0.0378,-0.3200,0.3200,r_speed
218,-0.3042,-0.0007,0.0932,-0.3152,0.3152,r_speed
48,0.0295,-0.1572,-0.3140,0.0523,0.3140,r_p
608,-0.3009,-0.0014,0.0833,-0.3134,0.3134,r_speed
992,-0.3008,-0.0006,-0.0317,-0.3130,0.3130,r_speed
968,0.2846,0.3100,-0.0730,0.3128,0.3128,r_speed
166,-0.2977,-0.0035,0.1611,-0.3110,0.3110,r_speed
212,-0.2545,-0.0614,0.0332,-0.3107,0.3107,r_speed
260,-0.2982,-0.0025,0.0037,-0.3101,0.3101,r_speed
27,0.2919,0.1525,-0.2096,0.3096,0.3096,r_speed
850,0.3086,0.0308,-0.0057,0.3033,0.3086,r_u
831,0.3080,-0.1183,-0.1930,0.3025,0.3080,r_u
456,-0.2908,-0.0368,0.1609,-0.3072,0.3072,r_speed
120,-0.3019,-0.0457,-0.2650,-0.3069,0.3069,r_speed
674,-0.0653,0.0143,-0.3066,-0.0477,0.3066,r_p
614,0.2517,0.0214,-0.1284,0.3044,0.3044,r_speed
934,-0.2915,-0.0011,0.0325,-0.3037,0.3037,r_speed
651,-0.2914,-0.0008,0.0162,-0.3036,0.3036,r_speed
984,0.1252,0.1435,0.3036,0.1467,0.3036,r_p
843,-0.2880,0.0003,0.0925,-0.3009,0.3009,r_speed
372,0.2840,0.0260,0.1034,0.3009,0.3009,r_speed
942,-0.2881,-0.0023,0.1732,-0.3005,0.3005,r_speed
108,-0.2868,-0.0003,0.1526,-0.3003,0.3003,r_speed
155,0.2848,-0.0074,-0.2323,0.2991,0.2991,r_speed
326,-0.2873,-0.0007,0.0205,-0.2990,0.2990,r_speed
604,0.2798,0.1633,0.0246,0.2986,0.2986,r_speed
359,0.2816,0.0273,0.1548,0.2983,0.2983,r_speed
947,-0.2961,-0.0585,-0.1946,-0.2981,0.2981,r_speed
699,-0.2788,-0.0020,-0.0368,-0.2967,0.2967,r_speed
183,-0.2839,-0.0005,0.1251,-0.2954,0.2954,r_speed
486,-0.2824,-0.0014,0.0807,-0.2950,0.2950,r_speed
459,-0.0471,0.0645,-0.2941,-0.0184,0.2941,r_p
861,0.2843,0.1246,0.1140,0.2937,0.2937,r_speed
900,0.2021,0.0722,0.2933,0.1875,0.2933,r_p
770,-0.2802,-0.0005,0.0061,-0.2919,0.2919,r_speed
137,0.1487,-0.0052,-0.2916,0.1459,0.2916,r_p
639,-0.1940,-0.0415,0.2916,-0.2068,0.2916,r_p
147,-0.2800,-0.0011,0.0778,-0.2916,0.2916,r_speed
492,0.2050,-0.1431,-0.2914,0.2365,0.2914,r_p
830,-0.2775,-0.0036,-0.0351,-0.2904,0.2904,r_speed
308,-0.0627,-0.0018,-0.2904,-0.0721,0.2904,r_p
583,0.2609,0.0399,-0.1532,0.2903,0.2903,r_speed
736,-0.2799,-0.0009,0.0034,-0.2897,0.2897,r_speed
225,-0.2783,-0.0013,0.1374,-0.2897,0.2897,r_speed
461,-0.2765,-0.0012,-0.0141,-0.2879,0.2879,r_speed
445,0.2364,0.1506,-0.1146,0.2878,0.2878,r_speed
767,-0.2750,-0.0015,0.1009,-0.2875,0.2875,r_speed
857,0.2208,0.0417,0.2875,0.2428,0.2875,r_p
541,-0.2752,-0.0012,0.0464,-0.2870,0.2870,r_speed
912,0.1619,-0.2865,-0.0799,0.1914,0.2865,r_v
711,-0.2725,-0.0005,-0.0299,-0.2861,0.2861,r_speed
545,0.2506,-0.0852,-0.0296,0.2812,0.2812,r_speed
481,0.2319,-0.2810,0.2807,0.2527,0.2810,r_v
964,-0.2585,0.0240,-0.2125,-0.2806,0.2806,r_speed
563,-0.2685,-0.0010,0.0548,-0.2795,0.2795,r_speed
322,-0.2679,-0.0030,0.1902,-0.2791,0.2791,r_speed
755,-0.2623,-0.0941,0.0521,-0.2788,0.2788,r_speed
484,-0.2672,-0.0012,0.0774,-0.2787,0.2787,r_speed
832,0.2785,-0.1690,-0.0513,0.2779,0.2785,r_u
796,-0.2656,-0.0009,0.0809,-0.2766,0.2766,r_speed
130,0.2719,-0.1575,0.1232,0.2765,0.2765,r_speed
127,0.1863,-0.2759,-0.0293,0.2010,0.2759,r_v
265,-0.2652,-0.0007,0.1365,-0.2756,0.2756,r_speed
761,-0.2638,-0.0011,0.0248,-0.2755,0.2755,r_speed
502,-0.2604,-0.0013,0.0798,-0.2738,0.2738,r_speed
543,-0.1467,0.0752,-0.2733,-0.0470,0.2733,r_p
894,-0.2616,-0.0001,-0.0178,-0.2727,0.2727,r_speed
581,0.2507,-0.0999,0.1671,0.2726,0.2726,r_speed
524,-0.2588,-0.0012,0.0859,-0.2725,0.2725,r_speed
996,-0.2631,-0.0006,-0.0185,-0.2724,0.2724,r_speed
740,-0.2617,-0.0013,0.1745,-0.2721,0.2721,r_speed
163,-0.2572,-0.0006,0.0564,-0.2689,0.2689,r_speed
723,-0.2574,-0.0009,0.0565,-0.2680,0.2680,r_speed
893,0.2254,0.1901,0.0072,0.2680,0.2680,r_speed
922,-0.2622,0.0339,0.0988,-0.2679,0.2679,r_speed
978,-0.0643,0.1006,0.2675,-0.0372,0.2675,r_p
677,-0.2574,-0.0006,-0.0160,-0.2665,0.2665,r_speed
211,-0.2653,0.0335,0.0254,-0.2482,0.2653,r_u
944,-0.2545,-0.0004,0.1290,-0.2652,0.2652,r_speed
24,-0.2525,-0.0015,-0.0245,-0.2647,0.2647,r_speed
782,-0.2527,-0.0007,-0.0193,-0.2644,0.2644,r_speed
650,-0.1879,-0.1598,-0.2642,-0.2100,0.2642,r_p
273,-0.2530,-0.0002,-0.0195,-0.2642,0.2642,r_speed
881,0.2564,0.0306,-0.1107,0.2637,0.2637,r_speed
577,-0.0611,0.0636,0.2636,-0.0620,0.2636,r_p
804,0.0252,0.0914,0.2632,0.0346,0.2632,r_p
803,-0.2519,-0.0003,0.0503,-0.2624,0.2624,r_speed
485,0.1159,0.2618,0.1567,0.1492,0.2618,r_v
1,-0.2511,-0.0010,0.0865,-0.2618,0.2618,r_speed
869,-0.2548,0.0628,0.2546,-0.2617,0.2617,r_speed
173,-0.1267,-0.0252,-0.2616,-0.0593,0.2616,r_p
153,-0.2517,-0.0005,-0.0148,-0.2613,0.2613,r_speed
715,-0.2497,-0.0006,0.0008,-0.2611,0.2611,r_speed
289,0.2597,-0.0356,0.0343,0.2609,0.2609,r_speed
773,0.2596,-0.0546,0.1910,0.2607,0.2607,r_speed
975,0.1140,0.2605,0.1446,0.1479,0.2605,r_v
537,-0.2493,-0.0008,0.0058,-0.2604,0.2604,r_speed
170,-0.2465,-0.0007,-0.0152,-0.2595,0.2595,r_speed
966,-0.2457,-0.0010,0.0138,-0.2592,0.2592,r_speed
415,-0.2474,-0.0000,0.0699,-0.2586,0.2586,r_speed
879,-0.2495,-0.0005,-0.0174,-0.2582,0.2582,r_speed
974,-0.2472,-0.0008,0.0729,-0.2579,0.2579,r_speed
903,-0.1498,0.1589,0.2571,-0.1516,0.2571,r_p
412,-0.2454,-0.0006,0.0028,-0.2569,0.2569,r_speed
976,0.1609,0.0686,0.2561,0.1761,0.2561,r_p
295,-0.2473,-0.0005,-0.0201,-0.2560,0.2560,r_speed
826,0.2554,-0.0537,-0.0165,0.2439,0.2554,r_u
336,-0.2445,-0.0009,0.0727,-0.2546,0.2546,r_speed
872,0.2233,-0.0712,0.1612,0.2536,0.2536,r_speed
468,-0.2437,-0.0006,-0.0165,-0.2532,0.2532,r_speed
551,-0.2432,-0.0007,0.0417,-0.2530,0.2530,r_speed
202,0.0923,0.1186,0.2521,0.1354,0.2521,r_p
219,-0.2469,0.0269,-0.2521,-0.2220,0.2521,r_p
1012,-0.0817,-0.2514,-0.0809,-0.0607,0.2514,r_v
916,-0.2412,-0.0014,0.1080,-0.2514,0.2514,r_speed
645,-0.2409,-0.0006,0.1042,-0.2510,0.2510,r_speed
450,0.1832,-0.2507,0.1353,0.1940,0.2507,r_v
454,-0.2383,-0.0012,-0.0248,-0.2503,0.2503,r_speed
705,0.2098,0.0342,-0.0934,0.2499,0.2499,r_speed
855,-0.2409,-0.0005,-0.0228,-0.2497,0.2497,r_speed
752,-0.2491,-0.0203,-0.0969,-0.2421,0.2491,r_u
874,-0.2375,-0.0010,-0.0033,-0.2478,0.2478,r_speed
275,-0.2374,-0.0005,0.0589,-0.2469,0.2469,r_speed
259,0.0922,0.2467,0.0550,0.1279,0.2467,r_v
269,0.2314,-0.1786,0.0971,0.2463,0.2463,r_speed
317,-0.1054,-0.0380,-0.2449,-0.1077,0.2449,r_p
618,-0.2347,-0.0007,-0.0053,-0.2446,0.2446,r_speed
469,-0.2445,-0.0058,-0.1585,-0.1629,0.2445,r_u
642,-0.2336,-0.0009,-0.0209,-0.2445,0.2445,r_speed
98,-0.2339,-0.0011,0.0592,-0.2437,0.2437,r_speed
591,0.0914,0.2434,-0.0346,0.0968,0.2434,r_v
717,-0.2317,-0.0003,0.0175,-0.2433,0.2433,r_speed
344,-0.2334,-0.0008,0.1094,-0.2433,0.2433,r_speed
658,-0.2317,-0.0009,0.1025,-0.2428,0.2428,r_speed
349,-0.2427,0.0794,0.0237,-0.2307,0.2427,r_u
77,0.2419,0.1193,-0.0106,0.2413,0.2419,r_u
49,-0.2311,-0.0008,0.0184,-0.2415,0.2415,r_speed
194,-0.2298,-0.0008,-0.0234,-0.2413,0.2413,r_speed
993,-0.2306,0.0003,-0.0199,-0.2411,0.2411,r_speed
765,-0.0594,-0.0559,-0.2400,-0.0671,0.2400,r_p
734,-0.2287,-0.0011,0.0531,-0.2387,0.2387,r_speed
500,0.2035,-0.2362,-0.2098,0.2124,0.2362,r_v
763,0.2080,0.1145,0.1643,0.2346,0.2346,r_speed
533,-0.2242,-0.0006,0.0227,-0.2344,0.2344,r_speed
518,0.2340,-0.1491,-0.1586,0.2321,0.2340,r_u
180,-0.0876,0.1711,0.2334,-0.1057,0.2334,r_p
683,-0.2236,-0.0016,0.1236,-0.2333,0.2333,r_speed
105,-0.2246,-0.0008,-0.0096,-0.2329,0.2329,r_speed
264,-0.1365,0.1867,0.2313,-0.1006,0.2313,r_p
691,0.2220,0.1394,-0.0978,0.2308,0.2308,r_speed
522,-0.2214,-0.0009,0.1247,-0.2305,0.2305,r_speed
970,0.1215,0.0834,-0.2303,0.1321,0.2303,r_p
355,-0.2209,-0.0007,-0.0165,-0.2302,0.2302,r_speed
351,0.2008,0.0485,0.0354,0.2295,0.2295,r_speed
231,-0.2293,-0.0487,-0.1860,-0.2274,0.2293,r_u
331,-0.2183,-0.0021,0.0458,-0.2293,0.2293,r_speed
960,-0.2189,-0.0005,-0.0151,-0.2292,0.2292,r_speed
256,-0.2187,-0.0030,0.1567,-0.2291,0.2291,r_speed
574,0.1398,-0.2290,-0.0066,0.1402,0.2290,r_v
906,0.0093,-0.0376,-0.2278,0.0012,0.2278,r_p
849,-0.2170,-0.0009,0.0598,-0.2272,0.2272,r_speed
367,0.2203,0.0772,0.0749,0.2272,0.2272,r_speed
434,0.0398,-0.0144,0.2268,0.0454,0.2268,r_p
937,0.2237,-0.1885,-0.2106,0.2264,0.2264,r_speed
943,-0.2170,-0.0001,0.1541,-0.2259,0.2259,r_speed
948,0.1220,-0.0144,-0.2258,0.1082,0.2258,r_p
902,-0.2168,-0.0014,0.1026,-0.2257,0.2257,r_speed
575,-0.2161,-0.0007,-0.0050,-0.2256,0.2256,r_speed
971,0.2165,0.1366,0.1764,0.2251,0.2251,r_speed
572,-0.2152,-0.0006,-0.0148,-0.2250,0.2250,r_speed
1022,0.2247,0.0389,0.1794,0.2191,0.2247,r_u
725,-0.2153,-0.0010,-0.0117,-0.2246,0.2246,r_speed
407,-0.2144,-0.0002,0.0237,-0.2243,0.2243,r_speed
307,-0.2140,-0.0007,0.0330,-0.2237,0.2237,r_speed
116,-0.2162,-0.0004,-0.0086,-0.2237,0.2237,r_speed
744,0.1104,-0.0642,-0.2228,0.1055,0.2228,r_p
88,0.1786,0.2227,0.0866,0.1959,0.2227,r_v
169,-0.2136,-0.0006,0.0111,-0.2223,0.2223,r_speed
805,0.2182,0.0448,0.0884,0.2223,0.2223,r_speed
352,-0.2220,-0.0332,-0.2107,-0.2026,0.2220,r_u
497,-0.2122,-0.0006,-0.0143,-0.2219,0.2219,r_speed
706,-0.2123,-0.0017,0.0941,-0.2210,0.2210,r_speed
81,-0.0385,0.0205,0.2210,-0.0520,0.2210,r_p
471,-0.2114,-0.0005,-0.0155,-0.2207,0.2207,r_speed
101,0.0608,-0.0875,-0.2199,0.0895,0.2199,r_p
487,-0.1121,0.0155,0.2199,-0.0815,0.2199,r_p
904,-0.2107,-0.0007,0.0677,-0.2191,0.2191,r_speed
164,-0.2029,-0.0039,0.0248,-0.2181,0.2181,r_speed
637,0.2103,0.0756,0.0813,0.2176,0.2176,r_speed
661,-0.2089,-0.0006,0.0504,-0.2173,0.2173,r_speed
864,-0.2092,-0.0003,-0.0079,-0.2173,0.2173,r_speed
343,-0.2083,-0.0005,-0.0131,-0.2172,0.2172,r_speed
564,-0.2063,-0.0009,0.0793,-0.2150,0.2150,r_speed
939,0.0411,-0.2147,-0.0635,0.0700,0.2147,r_v
631,0.0657,0.0424,0.2143,0.0939,0.2143,r_p
594,-0.2050,-0.0010,0.1097,-0.2134,0.2134,r_speed
323,-0.2032,-0.0032,0.1704,-0.2127,0.2127,r_speed
184,-0.2029,-0.0020,0.0685,-0.2118,0.2118,r_speed
13,0.2116,-0.1404,-0.1427,0.2088,0.2116,r_u
106,-0.2040,-0.0538,0.0306,-0.2115,0.2115,r_speed
421,-0.2020,-0.0003,-0.0080,-0.2107,0.2107,r_speed
612,-0.2020,-0.0006,-0.0122,-0.2107,0.2107,r_speed
605,0.1861,0.1119,-0.2079,0.2104,0.2104,r_speed
999,-0.2010,-0.0006,0.0134,-0.2098,0.2098,r_speed
248,0.0032,-0.1423,-0.2096,0.0372,0.2096,r_p
721,0.2096,0.0446,-0.1034,0.2001,0.2096,r_u
306,-0.1990,-0.0005,-0.0114,-0.2071,0.2071,r_speed
144,0.1770,-0.1617,0.0268,0.2068,0.2068,r_speed
299,-0.1978,-0.0002,-0.0123,-0.2060,0.2060,r_speed
386,0.2055,0.0428,0.0118,0.1914,0.2055,r_u
561,-0.1964,-0.0005,0.0948,-0.2045,0.2045,r_speed
52,-0.1963,-0.0003,-0.0150,-0.2044,0.2044,r_speed
475,0.1996,-0.1898,-0.1007,0.2040,0.2040,r_speed
64,0.0182,-0.1918,-0.2036,0.0192,0.2036,r_p
790,-0.1954,-0.0004,-0.0072,-0.2035,0.2035,r_speed
961,0.1640,0.0630,-0.0679,0.2033,0.2033,r_speed
569,-0.1672,0.0715,-0.2028,-0.1387,0.2028,r_p
126,-0.1940,-0.0003,0.0047,-0.2027,0.2027,r_speed
868,-0.1943,-0.0000,-0.0134,-0.2023,0.2023,r_speed
1021,-0.0455,-0.0074,0.2022,-0.0457,0.2022,r_p
600,-0.1986,-0.0441,-0.0365,-0.2022,0.2022,r_speed
246,-0.1934,-0.0006,0.0460,-0.2020,0.2020,r_speed
175,-0.1959,0.1410,0.1093,-0.2016,0.2016,r_speed
509,0.0017,0.2014,0.1809,0.0585,0.2014,r_v
1013,-0.1926,-0.0013,0.1709,-0.2009,0.2009,r_speed
111,-0.1936,-0.0004,-0.0089,-0.2005,0.2005,r_speed
610,0.1967,0.1918,-0.1611,0.2003,0.2003,r_speed
214,-0.1926,-0.0008,0.1039,-0.2001,0.2001,r_speed
426,-0.1916,-0.0006,0.0154,-0.2000,0.2000,r_speed
438,0.1969,0.0834,0.0247,0.1996,0.1996,r_speed
17,0.1992,-0.0196,-0.0046,0.1917,0.1992,r_u
827,-0.1801,-0.0196,-0.0435,-0.1992,0.1992,r_speed
585,-0.1907,-0.0011,-0.0119,-0.1988,0.1988,r_speed
681,0.0244,-0.0444,0.1985,0.0375,0.1985,r_p
589,-0.1983,-0.1402,-0.1827,-0.1916,0.1983,r_u
925,-0.1908,-0.0004,-0.0147,-0.1978,0.1978,r_speed
14,0.1019,0.0174,-0.1972,0.1134,0.1972,r_p
703,-0.0637,-0.0798,-0.1953,-0.0349,0.1953,r_p
895,0.1952,0.0000,0.0017,0.1895,0.1952,r_u
318,0.1594,-0.0356,-0.0991,0.1952,0.1952,r_speed
983,0.1713,0.0886,0.0935,0.1946,0.1946,r_speed
93,-0.1857,-0.0007,0.0604,-0.1944,0.1944,r_speed
652,0.0101,0.0144,-0.1943,0.0210,0.1943,r_p
851,0.1867,0.0526,0.1941,0.1839,0.1941,r_p
90,-0.1610,0.1939,0.1605,-0.1745,0.1939,r_v
138,-0.0590,-0.0084,-0.1929,-0.0282,0.1929,r_p
40,-0.1517,0.1928,-0.1687,-0.1241,0.1928,r_v
544,-0.1838,-0.0015,-0.0109,-0.1925,0.1925,r_speed
302,-0.1910,0.0542,-0.0211,-0.1919,0.1919,r_speed
833,-0.1837,-0.0005,0.0968,-0.1918,0.1918,r_speed
406,-0.1834,-0.0010,0.1108,-0.1916,0.1916,r_speed
443,-0.1834,-0.0008,0.1030,-0.1910,0.1910,r_speed
453,-0.1833,-0.0014,0.1594,-0.1908,0.1908,r_speed
990,0.1609,0.0822,0.1022,0.1903,0.1903,r_speed
649,-0.1831,-0.0007,0.1286,-0.1901,0.1901,r_speed
546,-0.1814,-0.0018,-0.0154,-0.1901,0.1901,r_speed
21,-0.1821,-0.0005,-0.0113,-0.1900,0.1900,r_speed
209,-0.1805,-0.0001,0.0981,-0.1893,0.1893,r_speed
282,-0.1820,-0.0005,-0.0073,-0.1890,0.1890,r_speed
955,-0.1065,0.0232,0.1884,-0.0911,0.1884,r_p
240,-0.1808,-0.0006,0.0275,-0.1881,0.1881,r_speed
45,0.0546,0.0539,-0.1879,0.0736,0.1879,r_p
848,-0.0146,0.1878,0.1774,0.0068,0.1878,r_v
203,0.0806,0.0477,-0.1875,0.0972,0.1875,r_p
465,-0.1802,-0.0003,-0.0135,-0.1873,0.1873,r_speed
795,-0.1794,-0.0006,0.0710,-0.1868,0.1868,r_speed
786,0.1771,0.1016,0.1498,0.1867,0.1867,r_speed
672,-0.1785,-0.0005,0.0888,-0.1860,0.1860,r_speed
508,-0.0661,0.1856,0.0243,-0.0401,0.1856,r_v
822,-0.1129,0.0357,-0.1854,-0.0354,0.1854,r_p
730,-0.1781,-0.0004,-0.0122,-0.1854,0.1854,r_speed
141,-0.1764,-0.0001,0.0194,-0.1852,0.1852,r_speed
26,0.1825,-0.0034,-0.0655,0.1836,0.1836,r_speed
988,-0.0862,-0.0506,-0.1829,-0.0855,0.1829,r_p
104,0.1634,0.0827,-0.1223,0.1827,0.1827,r_speed
733,-0.1746,-0.0009,0.0577,-0.1825,0.1825,r_speed
888,0.1823,-0.0732,-0.1265,0.1803,0.1823,r_u
808,0.0975,-0.1821,-0.0666,0.1141,0.1821,r_v
199,0.1563,-0.0779,0.0649,0.1821,0.1821,r_speed
510,0.0559,-0.0660,-0.1819,0.0869,0.1819,r_p
78,-0.1742,-0.0004,0.0189,-0.1819,0.1819,r_speed
918,-0.1746,-0.0003,0.1108,-0.1818,0.1818,r_speed
482,-0.0257,0.1067,-0.1812,0.0478,0.1812,r_p
684,0.1732,0.1112,0.0229,0.1809,0.1809,r_speed
920,0.0510,0.0506,0.1779,0.0923,0.1779,r_p
217,0.1759,0.1002,0.1176,0.1729,0.1759,r_u
621,-0.1688,-0.0003,0.0469,-0.1755,0.1755,r_speed
840,-0.1694,-0.0003,0.0055,-0.1753,0.1753,r_speed
877,-0.1671,-0.0004,0.0372,-0.1739,0.1739,r_speed
557,-0.1653,-0.0002,0.0847,-0.1725,0.1725,r_speed
470,-0.1655,-0.0005,-0.0106,-0.1722,0.1722,r_speed
226,0.1719,0.0955,-0.0362,0.1638,0.1719,r_u
601,-0.1633,-0.0009,0.0550,-0.1713,0.1713,r_speed
0,0.0056,-0.0392,-0.1712,0.0033,0.1712,r_p
151,-0.1623,-0.0013,0.0732,-0.1699,0.1699,r_speed
28,0.0985,-0.1574,-0.1695,0.1208,0.1695,r_p
646,-0.1622,-0.0005,-0.0111,-0.1694,0.1694,r_speed
836,-0.1505,-0.1034,0.1691,-0.1607,0.1691,r_p
883,-0.1618,-0.0006,-0.0086,-0.1682,0.1682,r_speed
1015,-0.1607,-0.0003,0.1406,-0.1672,0.1672,r_speed
410,0.1100,0.1670,0.0061,0.1428,0.1670,r_v
567,-0.1585,-0.0002,-0.0154,-0.1668,0.1668,r_speed
270,-0.0596,0.1364,0.1665,-0.0333,0.1665,r_p
136,-0.1590,-0.0004,0.0082,-0.1661,0.1661,r_speed
863,0.1646,-0.0344,0.1224,0.1652,0.1652,r_speed
370,-0.1585,-0.0006,0.0962,-0.1646,0.1646,r_speed
737,-0.1580,-0.0003,-0.0142,-0.1639,0.1639,r_speed
70,0.0823,0.0433,-0.1637,0.0933,0.1637,r_p
501,-0.1568,-0.0005,-0.0112,-0.1633,0.1633,r_speed
312,-0.1574,-0.0003,-0.0092,-0.1629,0.1629,r_speed
965,-0.1560,-0.0008,0.0486,-0.1629,0.1629,r_speed
440,0.1626,0.0461,0.0058,0.1435,0.1626,r_u
811,-0.1553,-0.0010,0.0697,-0.1620,0.1620,r_speed
503,-0.1555,-0.0004,-0.0087,-0.1617,0.1617,r_speed
262,0.0551,-0.0939,0.1613,0.1197,0.1613,r_p
760,-0.1546,-0.0007,0.1255,-0.1610,0.1610,r_speed
394,-0.1128,0.0154,-0.1607,-0.0392,0.1607,r_p
648,-0.1522,-0.0002,0.0852,-0.1607,0.1607,r_speed
758,0.1561,-0.1048,-0.1562,0.1606,0.1606,r_speed
245,-0.1530,-0.0015,0.0100,-0.1603,0.1603,r_speed
554,0.0263,-0.0771,-0.1596,0.0552,0.1596,r_p
287,-0.1524,-0.0004,-0.0111,-0.1592,0.1592,r_speed
534,-0.0094,0.1590,0.0127,-0.0116,0.1590,r_v
401,-0.1530,-0.0003,-0.0124,-0.1587,0.1587,r_speed
5,0.1237,-0.0458,0.0002,0.1584,0.1584,r_speed
641,-0.1353,-0.1584,-0.0248,-0.1138,0.1584,r_v
818,0.0063,-0.1580,0.0129,0.0155,0.1580,r_v
71,-0.1522,-0.0003,-0.0133,-0.1580,0.1580,r_speed
529,-0.1235,-0.1574,-0.1258,-0.1254,0.1574,r_v
897,0.0850,-0.1564,0.0040,0.0879,0.1564,r_v
909,-0.1486,-0.0004,0.0030,-0.1554,0.1554,r_speed
74,0.0065,0.0742,-0.1552,-0.0028,0.1552,r_p
361,-0.1491,-0.0011,0.1115,-0.1550,0.1550,r_speed
274,-0.1485,-0.0020,0.1428,-0.1549,0.1549,r_speed
244,-0.1548,0.0128,-0.1092,-0.1499,0.1548,r_u
643,-0.1479,-0.0004,-0.0081,-0.1541,0.1541,r_speed
527,-0.0523,0.1536,0.0168,-0.0382,0.1536,r_v
789,-0.0159,-0.1528,0.0309,-0.0305,0.1528,r_v
114,-0.1472,-0.0003,0.0100,-0.1525,0.1525,r_speed
300,-0.1460,-0.0004,-0.0096,-0.1523,0.1523,r_speed
117,-0.1459,-0.0010,0.0728,-0.1522,0.1522,r_speed
766,-0.1521,-0.1155,0.0790,-0.1429,0.1521,r_u
819,0.0958,0.1072,-0.1519,0.1183,0.1519,r_p
99,-0.1454,-0.0004,-0.0130,-0.1511,0.1511,r_speed
710,-0.0233,0.0979,-0.1503,-0.0479,0.1503,r_p
335,-0.1432,-0.0007,-0.0100,-0.1501,0.1501,r_speed
801,-0.1444,-0.0003,-0.0186,-0.1501,0.1501,r_speed
247,-0.1499,0.0105,-0.1260,-0.1473,0.1499,r_u
778,-0.1440,-0.0003,0.1296,-0.1498,0.1498,r_speed
65,-0.1433,-0.0003,-0.0116,-0.1493,0.1493,r_speed
986,-0.1416,0.0000,-0.0095,-0.1492,0.1492,r_speed
693,0.1418,0.0967,0.0511,0.1492,0.1492,r_speed
2,-0.1423,-0.0003,-0.0120,-0.1486,0.1486,r_speed
781,0.0087,0.0140,-0.1484,0.0193,0.1484,r_p
1001,0.1028,0.1469,-0.0138,0.1207,0.1469,r_v
507,-0.1394,0.0024,-0.0114,-0.1465,0.1465,r_speed
197,-0.1371,-0.0038,-0.0171,-0.1461,0.1461,r_speed
220,0.1384,0.0313,-0.0858,0.1459,0.1459,r_speed
825,-0.1397,-0.0005,-0.0113,-0.1459,0.1459,r_speed
724,-0.1380,-0.0004,-0.0114,-0.1450,0.1450,r_speed
884,-0.1386,-0.0001,-0.0079,-0.1445,0.1445,r_speed
340,-0.1379,-0.0003,-0.0097,-0.1439,0.1439,r_speed
570,0.1304,0.0041,-0.0118,0.1439,0.1439,r_speed
391,-0.1382,-0.0005,-0.0032,-0.1438,0.1438,r_speed
579,-0.1379,-0.0005,-0.0108,-0.1437,0.1437,r_speed
580,0.0784,0.1432,-0.1056,0.0729,0.1432,r_v
47,-0.1373,-0.0004,0.0196,-0.1428,0.1428,r_speed
297,-0.1369,-0.0007,0.0400,-0.1425,0.1425,r_speed
709,-0.1367,-0.0003,0.0469,-0.1414,0.1414,r_speed
535,-0.1354,-0.0006,0.0727,-0.1411,0.1411,r_speed
398,-0.1349,-0.0004,-0.0109,-0.1410,0.1410,r_speed
898,-0.1336,-0.0016,-0.0130,-0.1406,0.1406,r_speed
23,-0.1350,-0.0003,-0.0089,-0.1404,0.1404,r_speed
989,-0.1347,-0.0004,0.0609,-0.1401,0.1401,r_speed
798,-0.1345,-0.0007,0.0790,-0.1400,0.1400,r_speed
107,-0.1345,-0.0002,-0.0086,-0.1400,0.1400,r_speed
87,0.1398,0.1350,0.0973,0.1390,0.1398,r_u
732,-0.0505,0.0362,0.1396,-0.0197,0.1396,r_p
189,-0.1306,0.0340,0.0649,-0.1396,0.1396,r_speed
301,0.1167,0.0843,0.0612,0.1394,0.1394,r_speed
385,0.0930,-0.0433,-0.1394,0.0881,0.1394,r_p
148,-0.1324,-0.0006,-0.0091,-0.1393,0.1393,r_speed
806,-0.1332,-0.0019,0.1073,-0.1388,0.1388,r_speed
913,-0.0647,-0.1378,-0.1305,-0.0564,0.1378,r_v
1016,-0.1325,-0.0004,0.1022,-0.1373,0.1373,r_speed
628,-0.1370,-0.0305,-0.0455,-0.1319,0.1370,r_u
638,-0.1315,-0.0003,-0.0096,-0.1369,0.1369,r_speed
873,-0.1302,-0.0004,-0.0105,-0.1365,0.1365,r_speed
342,-0.1306,-0.0006,0.0717,-0.1364,0.1364,r_speed
746,-0.1310,-0.0003,0.0190,-0.1363,0.1363,r_speed
488,-0.1304,-0.0004,-0.0147,-0.1359,0.1359,r_speed
1020,-0.1294,-0.0004,-0.0070,-0.1350,0.1350,r_speed
687,0.0989,-0.0019,0.1349,0.0930,0.1349,r_p
957,-0.1290,-0.0004,-0.0089,-0.1343,0.1343,r_speed
404,-0.1285,-0.0003,-0.0113,-0.1338,0.1338,r_speed
362,-0.1276,-0.0009,0.0744,-0.1330,0.1330,r_speed
276,-0.1276,-0.0003,-0.0110,-0.1321,0.1321,r_speed
629,-0.0590,-0.0930,-0.1314,-0.0703,0.1314,r_p
491,-0.0575,0.1314,-0.0507,-0.0347,0.1314,r_v
607,-0.1258,-0.0004,-0.0089,-0.1310,0.1310,r_speed
860,-0.1255,-0.0003,-0.0076,-0.1307,0.1307,r_speed
451,0.1111,-0.0099,0.0715,0.1296,0.1296,r_speed
325,-0.0511,-0.1292,0.1196,-0.0090,0.1292,r_v
134,-0.0867,-0.1290,-0.0138,-0.0699,0.1290,r_v
528,-0.1236,-0.0002,-0.0093,-0.1284,0.1284,r_speed
191,-0.1228,-0.0004,-0.0078,-0.1284,0.1284,r_speed
686,-0.0567,-0.0477,-0.1284,-0.0489,0.1284,r_p
775,-0.1230,0.0002,-0.0099,-0.1283,0.1283,r_speed
656,0.0818,0.0292,0.1283,0.0945,0.1283,r_p
910,-0.1229,-0.0009,0.0957,-0.1280,0.1280,r_speed
311,-0.1221,-0.0014,0.1075,-0.1275,0.1275,r_speed
783,-0.1217,-0.0004,0.0256,-0.1273,0.1273,r_speed
213,-0.1207,-0.0004,0.0701,-0.1256,0.1256,r_speed
680,0.1153,-0.0075,-0.0741,0.1252,0.1252,r_speed
16,-0.1165,-0.0057,-0.0190,-0.1250,0.1250,r_speed
862,-0.1188,-0.0003,-0.0134,-0.1244,0.1244,r_speed
73,0.0487,0.0719,-0.1240,0.0803,0.1240,r_p
950,-0.1190,-0.0002,-0.0086,-0.1239,0.1239,r_speed
477,-0.1179,-0.0004,-0.0080,-0.1229,0.1229,r_speed
494,-0.1181,-0.0001,-0.0099,-0.1227,0.1227,r_speed
933,-0.1175,-0.0009,0.0564,-0.1223,0.1223,r_speed
769,-0.1171,-0.0005,0.0146,-0.1219,0.1219,r_speed
427,-0.1164,-0.0003,0.0040,-0.1215,0.1215,r_speed
749,-0.1164,-0.0008,0.1007,-0.1213,0.1213,r_speed
762,-0.1156,-0.0001,0.0137,-0.1210,0.1210,r_speed
181,-0.1169,-0.0002,-0.0055,-0.1210,0.1210,r_speed
587,-0.1165,-0.0005,0.0983,-0.1208,0.1208,r_speed
8,-0.1158,-0.0007,0.0740,-0.1205,0.1205,r_speed
53,-0.1156,0.0004,-0.0111,-0.1203,0.1203,r_speed
901,-0.1149,-0.0008,0.0777,-0.1198,0.1198,r_speed
176,-0.1146,-0.0003,-0.0093,-0.1196,0.1196,r_speed
1023,-0.1149,-0.0007,0.1028,-0.1195,0.1195,r_speed
889,-0.1138,0.0002,-0.0081,-0.1191,0.1191,r_speed
110,-0.1141,-0.0003,-0.0085,-0.1190,0.1190,r_speed
271,0.1023,-0.0075,0.1188,0.0969,0.1188,r_p
921,-0.1136,-0.0002,0.0128,-0.1176,0.1176,r_speed
400,-0.1126,-0.0004,-0.0098,-0.1174,0.1174,r_speed
814,-0.1128,-0.0007,0.0900,-0.1173,0.1173,r_speed
119,-0.0654,-0.1151,-0.0076,-0.0754,0.1151,r_v
61,-0.1097,-0.0002,-0.0034,-0.1148,0.1148,r_speed
584,-0.1096,-0.0002,-0.0091,-0.1145,0.1145,r_speed
462,-0.1086,-0.0005,0.0215,-0.1134,0.1134,r_speed
566,-0.1092,-0.0003,0.0056,-0.1134,0.1134,r_speed
83,0.0399,-0.0440,0.1130,0.0995,0.1130,r_p
172,-0.1084,-0.0004,-0.0039,-0.1128,0.1128,r_speed
43,-0.1072,-0.0007,-0.0089,-0.1124,0.1124,r_speed
56,-0.1070,-0.0001,-0.0100,-0.1123,0.1123,r_speed
972,0.0697,0.0635,0.1117,0.0747,0.1117,r_p
630,-0.1067,-0.0002,-0.0084,-0.1115,0.1115,r_speed
187,-0.1058,-0.0002,-0.0089,-0.1109,0.1109,r_speed
354,-0.1062,-0.0008,0.0640,-0.1108,0.1108,r_speed
54,-0.1063,-0.0002,-0.0057,-0.1105,0.1105,r_speed
876,-0.1047,-0.0093,-0.0230,-0.1100,0.1100,r_speed
115,-0.1056,-0.0006,0.0816,-0.1099,0.1099,r_speed
353,-0.1051,-0.0003,-0.0085,-0.1093,0.1093,r_speed
911,-0.1042,-0.0004,-0.0068,-0.1090,0.1090,r_speed
905,-0.1042,-0.0005,-0.0093,-0.1089,0.1089,r_speed
310,-0.1029,-0.0003,-0.0080,-0.1077,0.1077,r_speed
495,-0.0991,-0.0009,-0.0100,-0.1055,0.1055,r_speed
659,-0.1002,-0.0005,-0.0084,-0.1055,0.1055,r_speed
38,-0.1009,-0.0002,-0.0062,-0.1053,0.1053,r_speed
324,-0.1009,-0.0007,0.0809,-0.1051,0.1051,r_speed
261,-0.1010,-0.0008,0.0861,-0.1051,0.1051,r_speed
207,-0.1029,0.0071,-0.1043,-0.0985,0.1043,r_p
439,-0.0990,-0.0001,-0.0095,-0.1042,0.1042,r_speed
747,-0.0923,-0.0261,-0.1039,-0.0313,0.1039,r_p
417,-0.0997,-0.0006,0.0871,-0.1038,0.1038,r_speed
198,-0.0995,-0.0007,0.0932,-0.1036,0.1036,r_speed
249,-0.0989,-0.0009,0.0880,-0.1030,0.1030,r_speed
713,-0.0993,0.0000,0.0581,-0.1029,0.1029,r_speed
186,-0.0984,-0.0002,0.0888,-0.1024,0.1024,r_speed
582,0.0220,0.0823,0.1021,0.0257,0.1021,r_p
378,-0.0974,-0.0006,0.0813,-0.1012,0.1012,r_speed
742,0.1011,0.0423,0.0725,0.1002,0.1011,r_u
512,-0.0956,-0.0005,-0.0108,-0.1009,0.1009,r_speed
205,-0.0968,-0.0006,0.0716,-0.1007,0.1007,r_speed
94,-0.0951,-0.0010,-0.0083,-0.0991,0.0991,r_speed
44,-0.0951,-0.0003,-0.0059,-0.0988,0.0988,r_speed
279,-0.0937,-0.0007,0.0254,-0.0988,0.0988,r_speed
623,-0.0945,-0.0003,0.0862,-0.0986,0.0986,r_speed
915,-0.0944,-0.0008,0.0692,-0.0984,0.0984,r_speed
590,-0.0928,-0.0004,-0.0089,-0.0970,0.0970,r_speed
474,0.0967,-0.0151,0.0320,0.0938,0.0967,r_u
121,-0.0927,-0.0003,0.0079,-0.0966,0.0966,r_speed
926,-0.0933,-0.0002,0.0083,-0.0965,0.0965,r_speed
357,-0.0924,-0.0008,0.0818,-0.0963,0.0963,r_speed
32,-0.0925,-0.0003,-0.0071,-0.0960,0.0960,r_speed
432,-0.0915,-0.0002,-0.0012,-0.0958,0.0958,r_speed
802,-0.0909,-0.0003,-0.0032,-0.0951,0.0951,r_speed
348,0.0033,-0.0942,-0.0638,0.0412,0.0942,r_v
356,-0.0898,-0.0013,0.0699,-0.0941,0.0941,r_speed
880,-0.0892,-0.0003,0.0752,-0.0927,0.0927,r_speed
285,-0.0884,-0.0003,-0.0064,-0.0923,0.0923,r_speed
673,-0.0880,-0.0000,-0.0059,-0.0916,0.0916,r_speed
945,-0.0379,-0.0469,0.0914,0.0001,0.0914,r_p
478,-0.0873,0.0000,-0.0078,-0.0913,0.0913,r_speed
685,-0.0876,-0.0002,-0.0066,-0.0907,0.0907,r_speed
284,-0.0858,-0.0002,-0.0081,-0.0907,0.0907,r_speed
616,-0.0788,0.0329,0.0271,-0.0902,0.0902,r_speed
858,-0.0868,-0.0002,-0.0067,-0.0901,0.0901,r_speed
145,0.0746,0.0765,0.0897,0.0662,0.0897,r_p
878,0.0893,0.0774,0.0689,0.0765,0.0893,r_u
949,-0.0862,-0.0002,-0.0059,-0.0893,0.0893,r_speed
277,-0.0839,-0.0005,-0.0058,-0.0877,0.0877,r_speed
405,-0.0871,-0.0241,0.0256,-0.0708,0.0871,r_u
292,-0.0841,-0.0001,-0.0036,-0.0870,0.0870,r_speed
859,-0.0781,0.0018,0.0569,-0.0862,0.0862,r_speed
774,0.0853,-0.0034,0.0338,0.0678,0.0853,r_u
424,0.0494,0.0116,-0.0851,0.0554,0.0851,r_p
666,0.0850,-0.0744,-0.0531,0.0647,0.0850,r_u
956,-0.0789,0.0008,-0.0103,-0.0841,0.0841,r_speed
232,-0.0807,-0.0005,0.0697,-0.0840,0.0840,r_speed
1017,-0.0798,-0.0002,-0.0055,-0.0832,0.0832,r_speed
720,-0.0787,-0.0002,-0.0036,-0.0818,0.0818,r_speed
997,-0.0778,-0.0002,-0.0072,-0.0813,0.0813,r_speed
420,-0.0770,-0.0001,-0.0071,-0.0810,0.0810,r_speed
595,-0.0778,-0.0002,-0.0045,-0.0809,0.0809,r_speed
237,-0.0772,-0.0004,0.0685,-0.0802,0.0802,r_speed
35,-0.0763,-0.0003,-0.0065,-0.0799,0.0799,r_speed
140,-0.0758,-0.0004,0.0029,-0.0798,0.0798,r_speed
815,-0.0761,-0.0004,-0.0046,-0.0795,0.0795,r_speed
979,-0.0790,0.0525,0.0047,-0.0527,0.0790,r_u
688,-0.0747,-0.0005,-0.0080,-0.0782,0.0782,r_speed
33,0.0700,-0.0781,-0.0457,0.0748,0.0781,r_v
556,-0.0746,-0.0005,0.0591,-0.0777,0.0777,r_speed
930,-0.0495,0.0775,0.0694,-0.0624,0.0775,r_v
540,-0.0774,-0.0152,0.0755,-0.0764,0.0774,r_u
158,-0.0742,-0.0006,-0.0045,-0.0774,0.0774,r_speed
820,-0.0701,-0.0008,0.0386,-0.0767,0.0767,r_speed
924,-0.0720,0.0000,-0.0045,-0.0754,0.0754,r_speed
92,-0.0719,-0.0002,0.0414,-0.0753,0.0753,r_speed
221,-0.0715,-0.0003,-0.0040,-0.0744,0.0744,r_speed
229,-0.0714,-0.0003,0.0389,-0.0742,0.0742,r_speed
759,-0.0704,-0.0010,0.0666,-0.0734,0.0734,r_speed
41,-0.0706,-0.0003,0.0603,-0.0734,0.0734,r_speed
867,-0.0696,-0.0006,-0.0010,-0.0730,0.0730,r_speed
538,-0.0703,-0.0000,-0.0049,-0.0730,0.0730,r_speed
599,-0.0702,-0.0001,-0.0063,-0.0726,0.0726,r_speed
622,-0.0697,-0.0007,0.0626,-0.0726,0.0726,r_speed
62,-0.0005,-0.0725,-0.0647,0.0161,0.0725,r_v
466,-0.0695,-0.0002,-0.0051,-0.0723,0.0723,r_speed
932,-0.0695,-0.0002,-0.0056,-0.0721,0.0721,r_speed
79,-0.0683,-0.0005,-0.0044,-0.0716,0.0716,r_speed
350,-0.0683,-0.0000,-0.0047,-0.0715,0.0715,r_speed
305,-0.0647,0.0703,0.0473,-0.0389,0.0703,r_v
267,-0.0664,-0.0001,-0.0057,-0.0687,0.0687,r_speed
1010,-0.0662,-0.0001,0.0106,-0.0686,0.0686,r_speed
463,-0.0655,-0.0002,-0.0044,-0.0686,0.0686,r_speed
951,-0.0651,-0.0000,-0.0034,-0.0682,0.0682,r_speed
1000,-0.0646,-0.0001,0.0266,-0.0674,0.0674,r_speed
381,-0.0644,-0.0001,-0.0032,-0.0667,0.0667,r_speed
160,-0.0631,-0.0002,0.0506,-0.0655,0.0655,r_speed
286,-0.0478,-0.0516,-0.0654,-0.0361,0.0654,r_p
91,-0.0654,-0.0474,0.0386,-0.0560,0.0654,r_u
89,-0.0585,-0.0020,-0.0053,-0.0654,0.0654,r_speed
252,-0.0624,0.0001,0.0290,-0.0645,0.0645,r_speed
150,-0.0610,-0.0003,-0.0036,-0.0640,0.0640,r_speed
493,-0.0613,0.0001,-0.0029,-0.0639,0.0639,r_speed
692,-0.0612,-0.0001,-0.0040,-0.0635,0.0635,r_speed
22,-0.0610,-0.0002,0.0525,-0.0633,0.0633,r_speed
68,-0.0598,-0.0001,-0.0047,-0.0625,0.0625,r_speed
19,-0.0592,-0.0004,-0.0054,-0.0623,0.0623,r_speed
135,-0.0600,-0.0013,-0.0057,-0.0622,0.0622,r_speed
309,-0.0321,-0.0536,0.0607,-0.0051,0.0607,r_p
852,-0.0193,0.0604,0.0246,-0.0142,0.0604,r_v
929,-0.0408,0.0601,0.0111,-0.0157,0.0601,r_v
437,-0.0576,-0.0002,-0.0016,-0.0599,0.0599,r_speed
568,-0.0568,-0.0001,-0.0040,-0.0594,0.0594,r_speed
157,-0.0505,-0.0167,-0.0462,-0.0591,0.0591,r_speed
476,-0.0561,-0.0001,-0.0037,-0.0582,0.0582,r_speed
558,-0.0551,-0.0001,-0.0052,-0.0576,0.0576,r_speed
215,-0.0543,-0.0002,0.0029,-0.0568,0.0568,r_speed
472,-0.0518,0.0007,-0.0061,-0.0564,0.0564,r_speed
31,-0.0514,-0.0008,-0.0090,-0.0563,0.0563,r_speed
18,-0.0543,-0.0001,-0.0003,-0.0561,0.0561,r_speed
236,-0.0466,0.0149,-0.0168,-0.0557,0.0557,r_speed
60,-0.0529,-0.0001,-0.0056,-0.0550,0.0550,r_speed
739,-0.0525,-0.0001,0.0013,-0.0549,0.0549,r_speed
647,-0.0522,-0.0002,-0.0043,-0.0548,0.0548,r_speed
875,-0.0503,-0.0006,-0.0070,-0.0545,0.0545,r_speed
388,-0.0525,-0.0001,-0.0058,-0.0544,0.0544,r_speed
626,-0.0518,-0.0005,0.0511,-0.0541,0.0541,r_speed
810,-0.0521,-0.0001,-0.0049,-0.0541,0.0541,r_speed
633,-0.0464,-0.0015,-0.0054,-0.0539,0.0539,r_speed
132,-0.0519,-0.0001,-0.0031,-0.0538,0.0538,r_speed
504,-0.0510,-0.0001,-0.0025,-0.0527,0.0527,r_speed
756,-0.0499,0.0002,-0.0001,-0.0520,0.0520,r_speed
928,-0.0497,-0.0004,0.0470,-0.0518,0.0518,r_speed
1014,-0.0498,-0.0002,0.0426,-0.0517,0.0517,r_speed
890,-0.0495,-0.0002,0.0419,-0.0514,0.0514,r_speed
552,-0.0487,-0.0007,-0.0057,-0.0512,0.0512,r_speed
473,0.0142,-0.0274,-0.0505,0.0179,0.0505,r_p
258,-0.0448,-0.0020,-0.0098,-0.0500,0.0500,r_speed
576,-0.0478,-0.0001,-0.0051,-0.0500,0.0500,r_speed
745,-0.0477,-0.0002,0.0426,-0.0496,0.0496,r_speed
817,-0.0476,-0.0002,-0.0029,-0.0496,0.0496,r_speed
573,0.0022,-0.0495,0.0127,0.0141,0.0495,r_v
707,-0.0473,-0.0001,-0.0048,-0.0490,0.0490,r_speed
69,-0.0469,-0.0002,-0.0027,-0.0489,0.0489,r_speed
408,-0.0470,-0.0002,0.0233,-0.0488,0.0488,r_speed
458,-0.0461,-0.0001,0.0033,-0.0478,0.0478,r_speed
387,-0.0456,-0.0001,-0.0040,-0.0478,0.0478,r_speed
748,-0.0453,-0.0002,-0.0032,-0.0474,0.0474,r_speed
952,-0.0453,-0.0002,-0.0035,-0.0474,0.0474,r_speed
973,-0.0456,-0.0002,0.0355,-0.0474,0.0474,r_speed
448,-0.0442,-0.0001,-0.0018,-0.0458,0.0458,r_speed
784,-0.0403,-0.0007,0.0037,-0.0457,0.0457,r_speed
757,-0.0438,-0.0003,-0.0049,-0.0455,0.0455,r_speed
969,-0.0298,-0.0289,-0.0450,-0.0354,0.0450,r_p
776,-0.0428,-0.0001,0.0293,-0.0447,0.0447,r_speed
34,-0.0429,-0.0001,-0.0018,-0.0446,0.0446,r_speed
525,-0.0426,-0.0002,-0.0056,-0.0442,0.0442,r_speed
85,-0.0415,-0.0000,0.0192,-0.0431,0.0431,r_speed
338,-0.0412,0.0002,0.0417,-0.0430,0.0430,r_speed
586,-0.0409,0.0004,0.0098,-0.0427,0.0427,r_speed
109,-0.0407,-0.0000,-0.0019,-0.0427,0.0427,r_speed
856,-0.0402,-0.0001,0.0068,-0.0424,0.0424,r_speed
29,-0.0408,-0.0001,0.0319,-0.0422,0.0422,r_speed
413,-0.0406,-0.0001,0.0021,-0.0422,0.0422,r_speed
671,-0.0398,-0.0002,-0.0023,-0.0417,0.0417,r_speed
882,-0.0397,-0.0001,0.0309,-0.0411,0.0411,r_speed
611,-0.0387,0.0001,-0.0048,-0.0410,0.0410,r_speed
946,-0.0383,-0.0006,-0.0041,-0.0408,0.0408,r_speed
799,-0.0385,-0.0008,-0.0031,-0.0406,0.0406,r_speed
619,-0.0388,-0.0001,-0.0035,-0.0402,0.0402,r_speed
375,0.0028,-0.0285,-0.0388,0.0261,0.0388,r_p
597,-0.0371,-0.0001,0.0313,-0.0385,0.0385,r_speed
655,-0.0368,-0.0000,-0.0008,-0.0384,0.0384,r_speed
139,-0.0365,-0.0002,-0.0027,-0.0382,0.0382,r_speed
162,-0.0366,-0.0001,-0.0039,-0.0379,0.0379,r_speed
899,-0.0363,0.0001,-0.0008,-0.0377,0.0377,r_speed
853,-0.0362,-0.0001,-0.0036,-0.0375,0.0375,r_speed
841,-0.0322,0.0299,-0.0216,-0.0366,0.0366,r_speed
738,-0.0351,-0.0001,-0.0026,-0.0364,0.0364,r_speed
935,0.0360,-0.0013,0.0003,0.0341,0.0360,r_u
977,-0.0345,-0.0001,-0.0019,-0.0359,0.0359,r_speed
251,-0.0335,-0.0004,-0.0017,-0.0356,0.0356,r_speed
402,-0.0332,-0.0005,-0.0017,-0.0352,0.0352,r_speed
36,-0.0330,-0.0001,-0.0031,-0.0342,0.0342,r_speed
517,-0.0325,-0.0001,-0.0022,-0.0338,0.0338,r_speed
3,-0.0320,-0.0002,0.0111,-0.0337,0.0337,r_speed
227,-0.0308,-0.0003,0.0134,-0.0320,0.0320,r_speed
682,-0.0307,-0.0001,-0.0023,-0.0318,0.0318,r_speed
266,-0.0300,0.0002,-0.0023,-0.0316,0.0316,r_speed
845,-0.0302,0.0000,-0.0023,-0.0316,0.0316,r_speed
179,-0.0304,-0.0000,-0.0031,-0.0315,0.0315,r_speed
617,-0.0299,-0.0002,-0.0028,-0.0312,0.0312,r_speed
429,0.0304,-0.0048,0.0013,0.0290,0.0304,r_u
210,-0.0292,-0.0001,-0.0009,-0.0304,0.0304,r_speed
304,-0.0290,-0.0001,0.0030,-0.0303,0.0303,r_speed
695,-0.0290,-0.0001,-0.0026,-0.0303,0.0303,r_speed
314,-0.0284,-0.0001,-0.0021,-0.0299,0.0299,r_speed
886,0.0298,0.0013,0.0013,0.0271,0.0298,r_u
627,-0.0268,0.0001,-0.0025,-0.0289,0.0289,r_speed
660,-0.0273,0.0001,0.0056,-0.0286,0.0286,r_speed
455,-0.0247,-0.0004,-0.0036,-0.0280,0.0280,r_speed
547,-0.0267,0.0023,-0.0026,-0.0278,0.0278,r_speed
714,-0.0256,-0.0002,0.0218,-0.0267,0.0267,r_speed
441,-0.0253,-0.0001,-0.0001,-0.0264,0.0264,r_speed
100,-0.0253,-0.0006,-0.0030,-0.0264,0.0264,r_speed
917,-0.0255,-0.0000,-0.0010,-0.0263,0.0263,r_speed
668,-0.0250,-0.0000,-0.0022,-0.0258,0.0258,r_speed
963,-0.0219,-0.0001,0.0008,-0.0255,0.0255,r_speed
196,-0.0244,-0.0001,-0.0014,-0.0255,0.0255,r_speed
268,-0.0236,0.0001,-0.0034,-0.0250,0.0250,r_speed
368,-0.0239,-0.0001,-0.0022,-0.0249,0.0249,r_speed
428,-0.0242,-0.0109,0.0196,-0.0138,0.0242,r_u
735,-0.0233,-0.0000,0.0112,-0.0241,0.0241,r_speed
654,-0.0228,-0.0001,-0.0021,-0.0238,0.0238,r_speed
360,-0.0229,-0.0000,-0.0016,-0.0237,0.0237,r_speed
165,-0.0225,-0.0001,-0.0020,-0.0235,0.0235,r_speed
697,-0.0212,-0.0001,-0.0013,-0.0220,0.0220,r_speed
698,-0.0204,-0.0002,-0.0012,-0.0214,0.0214,r_speed
4,-0.0205,0.0022,-0.0023,-0.0214,0.0214,r_speed
511,-0.0184,0.0171,0.0038,-0.0206,0.0206,r_speed
366,-0.0197,0.0008,-0.0015,-0.0206,0.0206,r_speed
844,-0.0195,0.0000,-0.0009,-0.0205,0.0205,r_speed
981,-0.0195,-0.0001,0.0002,-0.0204,0.0204,r_speed
467,-0.0192,0.0021,-0.0021,-0.0200,0.0200,r_speed
341,-0.0191,-0.0000,-0.0021,-0.0199,0.0199,r_speed
571,0.0197,-0.0011,-0.0028,0.0187,0.0197,r_u
962,-0.0187,-0.0001,-0.0015,-0.0195,0.0195,r_speed
846,-0.0184,-0.0002,0.0166,-0.0192,0.0192,r_speed
449,-0.0170,-0.0015,-0.0039,-0.0188,0.0188,r_speed
418,-0.0179,0.0001,-0.0012,-0.0186,0.0186,r_speed
293,-0.0178,-0.0001,-0.0021,-0.0185,0.0185,r_speed
562,-0.0175,-0.0002,-0.0007,-0.0183,0.0183,r_speed
30,-0.0175,-0.0001,-0.0005,-0.0182,0.0182,r_speed
316,-0.0171,0.0000,-0.0005,-0.0178,0.0178,r_speed
615,-0.0144,-0.0006,-0.0039,-0.0175,0.0175,r_speed
319,-0.0123,-0.0011,-0.0076,-0.0174,0.0174,r_speed
526,-0.0167,-0.0000,-0.0019,-0.0173,0.0173,r_speed
994,0.0173,-0.0006,-0.0017,0.0165,0.0173,r_u
1011,-0.0166,0.0000,-0.0005,-0.0172,0.0172,r_speed
931,-0.0163,-0.0001,-0.0019,-0.0170,0.0170,r_speed
908,-0.0162,-0.0000,-0.0010,-0.0167,0.0167,r_speed
505,-0.0147,-0.0001,-0.0014,-0.0166,0.0166,r_speed
403,-0.0153,0.0003,-0.0008,-0.0159,0.0159,r_speed
531,-0.0008,-0.0053,-0.0158,-0.0090,0.0158,r_p
329,-0.0151,-0.0000,-0.0013,-0.0157,0.0157,r_speed
987,-0.0147,-0.0000,-0.0016,-0.0154,0.0154,r_speed
192,-0.0147,-0.0000,-0.0013,-0.0153,0.0153,r_speed
255,-0.0147,-0.0000,-0.0012,-0.0152,0.0152,r_speed
835,-0.0141,-0.0001,-0.0009,-0.0147,0.0147,r_speed
37,-0.0141,-0.0000,-0.0013,-0.0146,0.0146,r_speed
727,0.0139,-0.0006,-0.0023,0.0133,0.0139,r_u
887,-0.0133,-0.0000,-0.0005,-0.0137,0.0137,r_speed
896,-0.0131,-0.0000,-0.0005,-0.0135,0.0135,r_speed
347,-0.0128,-0.0000,-0.0006,-0.0133,0.0133,r_speed
464,-0.0127,-0.0001,-0.0004,-0.0132,0.0132,r_speed
520,-0.0123,-0.0002,-0.0013,-0.0129,0.0129,r_speed
315,-0.0123,-0.0001,0.0004,-0.0127,0.0127,r_speed
6,-0.0122,-0.0001,0.0065,-0.0127,0.0127,r_speed
794,-0.0120,-0.0000,-0.0005,-0.0124,0.0124,r_speed
588,-0.0112,-0.0001,-0.0004,-0.0117,0.0117,r_speed
516,-0.0109,0.0005,-0.0023,-0.0117,0.0117,r_speed
409,-0.0111,0.0011,-0.0012,-0.0115,0.0115,r_speed
728,0.0114,-0.0049,-0.0010,0.0110,0.0114,r_u
914,-0.0106,0.0011,-0.0012,-0.0111,0.0111,r_speed
392,0.0109,0.0088,-0.0004,0.0100,0.0109,r_u
632,-0.0102,0.0000,-0.0015,-0.0106,0.0106,r_speed
991,-0.0091,-0.0001,-0.0025,-0.0105,0.0105,r_speed
122,-0.0099,-0.0000,-0.0008,-0.0103,0.0103,r_speed
11,0.0103,-0.0031,-0.0012,0.0099,0.0103,r_u
927,-0.0099,-0.0000,0.0014,-0.0102,0.0102,r_speed
613,-0.0098,-0.0000,-0.0013,-0.0102,0.0102,r_speed
689,-0.0093,0.0003,-0.0009,-0.0098,0.0098,r_speed
95,-0.0093,0.0000,-0.0013,-0.0098,0.0098,r_speed
330,-0.0091,-0.0001,-0.0002,-0.0096,0.0096,r_speed
829,0.0093,-0.0013,-0.0058,0.0045,0.0093,r_u
133,-0.0088,-0.0000,-0.0010,-0.0091,0.0091,r_speed
25,-0.0084,-0.0000,-0.0006,-0.0088,0.0088,r_speed
188,0.0087,-0.0001,-0.0010,0.0083,0.0087,r_u
272,-0.0083,-0.0005,-0.0007,-0.0086,0.0086,r_speed
998,0.0086,0.0003,-0.0009,0.0083,0.0086,r_u
204,-0.0082,-0.0001,-0.0008,-0.0086,0.0086,r_speed
596,-0.0082,-0.0000,-0.0009,-0.0085,0.0085,r_speed
333,0.0085,-0.0002,-0.0010,0.0081,0.0085,r_u
553,-0.0082,-0.0000,-0.0009,-0.0084,0.0084,r_speed
146,0.0084,0.0000,-0.0013,0.0075,0.0084,r_u
208,-0.0075,0.0000,-0.0007,-0.0078,0.0078,r_speed
419,-0.0074,-0.0006,-0.0004,-0.0077,0.0077,r_speed
66,0.0077,-0.0010,-0.0002,0.0074,0.0077,r_u
606,-0.0071,-0.0001,-0.0006,-0.0074,0.0074,r_speed
593,0.0072,-0.0000,0.0001,0.0068,0.0072,r_u
779,-0.0069,-0.0001,-0.0002,-0.0072,0.0072,r_speed
729,0.0071,0.0007,-0.0023,0.0057,0.0071,r_u
701,-0.0068,-0.0000,-0.0005,-0.0071,0.0071,r_speed
542,-0.0067,-0.0000,-0.0005,-0.0070,0.0070,r_speed
513,-0.0064,-0.0000,-0.0009,-0.0067,0.0067,r_speed
257,-0.0045,0.0000,-0.0009,-0.0062,0.0062,r_speed
797,-0.0060,-0.0000,-0.0005,-0.0062,0.0062,r_speed
399,0.0060,-0.0003,-0.0012,0.0055,0.0060,r_u
332,-0.0057,0.0000,-0.0007,-0.0060,0.0060,r_speed
870,-0.0055,-0.0000,-0.0002,-0.0057,0.0057,r_speed
696,0.0056,-0.0012,-0.0054,0.0031,0.0056,r_u
167,0.0049,0.0009,-0.0004,0.0047,0.0049,r_u
182,-0.0047,-0.0000,-0.0004,-0.0049,0.0049,r_speed
174,-0.0046,0.0000,-0.0007,-0.0048,0.0048,r_speed
726,-0.0045,-0.0000,-0.0003,-0.0046,0.0046,r_speed
278,-0.0034,-0.0010,-0.0018,-0.0042,0.0042,r_speed
644,-0.0037,0.0000,-0.0003,-0.0039,0.0039,r_speed
1004,-0.0035,0.0000,-0.0005,-0.0037,0.0037,r_speed
460,0.0036,-0.0002,-0.0004,0.0035,0.0036,r_u
411,0.0036,0.0000,-0.0004,0.0034,0.0036,r_u
58,-0.0033,-0.0000,-0.0003,-0.0034,0.0034,r_speed
792,-0.0032,-0.0000,-0.0000,-0.0033,0.0033,r_speed
602,-0.0031,-0.0000,-0.0000,-0.0033,0.0033,r_speed
578,0.0032,-0.0000,0.0000,0.0030,0.0032,r_u
124,-0.0030,0.0000,0.0001,-0.0031,0.0031,r_speed
291,0.0031,-0.0000,-0.0004,0.0029,0.0031,r_u
1007,0.0031,-0.0004,-0.0004,0.0030,0.0031,r_u
821,-0.0029,0.0000,-0.0002,-0.0030,0.0030,r_speed
923,-0.0028,-0.0000,-0.0001,-0.0030,0.0030,r_speed
824,-0.0028,-0.0000,0.0019,-0.0029,0.0029,r_speed
771,0.0029,-0.0010,-0.0003,0.0028,0.0029,r_u
363,-0.0026,0.0015,-0.0007,-0.0029,0.0029,r_speed
42,-0.0025,0.0000,-0.0002,-0.0027,0.0027,r_speed
59,0.0026,-0.0001,-0.0007,0.0023,0.0026,r_u
1005,-0.0023,-0.0000,0.0015,-0.0024,0.0024,r_speed
743,0.0023,-0.0000,-0.0002,0.0022,0.0023,r_u
373,0.0022,-0.0002,-0.0002,0.0021,0.0022,r_u
142,-0.0020,0.0000,0.0008,-0.0021,0.0021,r_speed
243,0.0020,-0.0000,0.0013,0.0019,0.0020,r_u
96,0.0020,-0.0004,-0.0001,0.0020,0.0020,r_u
161,-0.0019,-0.0000,-0.0003,-0.0020,0.0020,r_speed
9,0.0020,-0.0003,0.0002,0.0019,0.0020,r_u
128,-0.0018,-0.0000,-0.0001,-0.0019,0.0019,r_speed
496,0.0019,-0.0001,-0.0001,0.0018,0.0019,r_u
938,-0.0017,-0.0002,0.0001,-0.0018,0.0018,r_speed
515,-0.0017,-0.0000,-0.0002,-0.0018,0.0018,r_speed
885,0.0018,0.0002,-0.0002,0.0017,0.0018,r_u
178,0.0014,-0.0000,-0.0001,0.0014,0.0014,r_u
1008,0.0014,0.0000,-0.0007,0.0011,0.0014,r_u
327,0.0013,0.0002,-0.0002,0.0013,0.0013,r_u
741,-0.0012,-0.0000,-0.0003,-0.0012,0.0012,r_speed
548,0.0011,-0.0000,-0.0004,0.0007,0.0011,r_u
657,0.0001,-0.0001,-0.0010,-0.0006,0.0010,r_p
380,-0.0008,0.0000,0.0007,-0.0008,0.0008,r_speed
253,-0.0006,0.0000,-0.0003,-0.0008,0.0008,r_speed
7,0.0000,0.0000,0.0000,0.0000,0.0000,r_u
10,0.0000,0.0000,0.0000,0.0000,0.0000,r_u
15,0.0000,0.0000,0.0000,0.0000,0.0000,r_u
46,0.0000,0.0000,0.0000,0.0000,0.0000,r_u
55,0.0000,0.0000,0.0000,0.0000,0.0000,r_u
80,0.0000,0.0000,0.0000,0.0000,0.0000,r_u
86,0.0000,0.0000,0.0000,0.0000,0.0000,r_u
97,0.0000,0.0000,0.0000,0.0000,0.0000,r_u
103,0.0000,0.0000,0.0000,0.0000,0.0000,r_u
112,0.0000,0.0000,0.0000,0.0000,0.0000,r_u
125,0.0000,0.0000,0.0000,0.0000,0.0000,r_u
129,0.0000,0.0000,0.0000,0.0000,0.0000,r_u
143,0.0000,0.0000,0.0000,0.0000,0.0000,r_u
149,0.0000,0.0000,0.0000,0.0000,0.0000,r_u
152,0.0000,0.0000,0.0000,0.0000,0.0000,r_u
154,0.0000,0.0000,0.0000,0.0000,0.0000,r_u
159,0.0000,0.0000,0.0000,0.0000,0.0000,r_u
168,0.0000,0.0000,0.0000,0.0000,0.0000,r_u
190,0.0000,0.0000,0.0000,0.0000,0.0000,r_u
201,0.0000,0.0000,0.0000,0.0000,0.0000,r_u
206,0.0000,0.0000,0.0000,0.0000,0.0000,r_u
216,0.0000,0.0000,0.0000,0.0000,0.0000,r_u
222,0.0000,0.0000,0.0000,0.0000,0.0000,r_u
223,0.0000,0.0000,0.0000,0.0000,0.0000,r_u
224,0.0000,0.0000,0.0000,0.0000,0.0000,r_u
228,0.0000,0.0000,0.0000,0.0000,0.0000,r_u
233,0.0000,0.0000,0.0000,0.0000,0.0000,r_u
234,0.0000,0.0000,0.0000,0.0000,0.0000,r_u
238,0.0000,0.0000,0.0000,0.0000,0.0000,r_u
280,0.0000,0.0000,0.0000,0.0000,0.0000,r_u
281,0.0000,0.0000,0.0000,0.0000,0.0000,r_u
283,0.0000,0.0000,0.0000,0.0000,0.0000,r_u
290,0.0000,0.0000,0.0000,0.0000,0.0000,r_u
313,0.0000,0.0000,0.0000,0.0000,0.0000,r_u
320,0.0000,0.0000,0.0000,0.0000,0.0000,r_u
321,0.0000,0.0000,0.0000,0.0000,0.0000,r_u
328,0.0000,0.0000,0.0000,0.0000,0.0000,r_u
334,0.0000,0.0000,0.0000,0.0000,0.0000,r_u
337,0.0000,0.0000,0.0000,0.0000,0.0000,r_u
346,0.0000,0.0000,0.0000,0.0000,0.0000,r_u
364,0.0000,0.0000,0.0000,0.0000,0.0000,r_u
365,0.0000,0.0000,0.0000,0.0000,0.0000,r_u
374,0.0000,0.0000,0.0000,0.0000,0.0000,r_u
376,0.0000,0.0000,0.0000,0.0000,0.0000,r_u
384,0.0000,0.0000,0.0000,0.0000,0.0000,r_u
390,0.0000,0.0000,0.0000,0.0000,0.0000,r_u
393,0.0000,0.0000,0.0000,0.0000,0.0000,r_u
416,0.0000,0.0000,0.0000,0.0000,0.0000,r_u
422,0.0000,0.0000,0.0000,0.0000,0.0000,r_u
423,0.0000,0.0000,0.0000,0.0000,0.0000,r_u
430,0.0000,0.0000,0.0000,0.0000,0.0000,r_u
431,0.0000,0.0000,0.0000,0.0000,0.0000,r_u
436,0.0000,0.0000,0.0000,0.0000,0.0000,r_u
442,0.0000,0.0000,0.0000,0.0000,0.0000,r_u
446,0.0000,0.0000,0.0000,0.0000,0.0000,r_u
447,0.0000,0.0000,0.0000,0.0000,0.0000,r_u
479,0.0000,0.0000,0.0000,0.0000,0.0000,r_u
489,0.0000,0.0000,0.0000,0.0000,0.0000,r_u
490,0.0000,0.0000,0.0000,0.0000,0.0000,r_u
499,0.0000,0.0000,0.0000,0.0000,0.0000,r_u
506,0.0000,0.0000,0.0000,0.0000,0.0000,r_u
521,0.0000,0.0000,0.0000,0.0000,0.0000,r_u
539,0.0000,0.0000,0.0000,0.0000,0.0000,r_u
549,0.0000,0.0000,0.0000,0.0000,0.0000,r_u
550,0.0000,0.0000,0.0000,0.0000,0.0000,r_u
555,0.0000,0.0000,0.0000,0.0000,0.0000,r_u
559,0.0000,0.0000,0.0000,0.0000,0.0000,r_u
598,0.0000,0.0000,0.0000,0.0000,0.0000,r_u
609,0.0000,0.0000,0.0000,0.0000,0.0000,r_u
620,0.0000,0.0000,0.0000,0.0000,0.0000,r_u
634,0.0000,0.0000,0.0000,0.0000,0.0000,r_u
635,0.0000,0.0000,0.0000,0.0000,0.0000,r_u
636,0.0000,0.0000,0.0000,0.0000,0.0000,r_u
653,0.0000,0.0000,0.0000,0.0000,0.0000,r_u
663,0.0000,0.0000,0.0000,0.0000,0.0000,r_u
669,0.0000,0.0000,0.0000,0.0000,0.0000,r_u
670,0.0000,0.0000,0.0000,0.0000,0.0000,r_u
676,0.0000,0.0000,0.0000,0.0000,0.0000,r_u
678,0.0000,0.0000,0.0000,0.0000,0.0000,r_u
679,0.0000,0.0000,0.0000,0.0000,0.0000,r_u
708,0.0000,0.0000,0.0000,0.0000,0.0000,r_u
712,0.0000,0.0000,0.0000,0.0000,0.0000,r_u
718,0.0000,0.0000,0.0000,0.0000,0.0000,r_u
751,0.0000,0.0000,0.0000,0.0000,0.0000,r_u
764,0.0000,0.0000,0.0000,0.0000,0.0000,r_u
777,0.0000,0.0000,0.0000,0.0000,0.0000,r_u
785,0.0000,0.0000,0.0000,0.0000,0.0000,r_u
787,0.0000,0.0000,0.0000,0.0000,0.0000,r_u
793,0.0000,0.0000,0.0000,0.0000,0.0000,r_u
807,0.0000,0.0000,0.0000,0.0000,0.0000,r_u
812,0.0000,0.0000,0.0000,0.0000,0.0000,r_u
823,0.0000,0.0000,0.0000,0.0000,0.0000,r_u
828,0.0000,0.0000,0.0000,0.0000,0.0000,r_u
837,0.0000,0.0000,0.0000,0.0000,0.0000,r_u
838,0.0000,0.0000,0.0000,0.0000,0.0000,r_u
847,0.0000,0.0000,0.0000,0.0000,0.0000,r_u
865,0.0000,0.0000,0.0000,0.0000,0.0000,r_u
871,0.0000,0.0000,0.0000,0.0000,0.0000,r_u
891,0.0000,0.0000,0.0000,0.0000,0.0000,r_u
892,0.0000,0.0000,0.0000,0.0000,0.0000,r_u
907,0.0000,0.0000,0.0000,0.0000,0.0000,r_u
936,0.0000,0.0000,0.0000,0.0000,0.0000,r_u
940,0.0000,0.0000,0.0000,0.0000,0.0000,r_u
958,0.0000,0.0000,0.0000,0.0000,0.0000,r_u
980,0.0000,0.0000,0.0000,0.0000,0.0000,r_u
982,0.0000,0.0000,0.0000,0.0000,0.0000,r_u
985,0.0000,0.0000,0.0000,0.0000,0.0000,r_u
995,0.0000,0.0000,0.0000,0.0000,0.0000,r_u
1002,0.0000,0.0000,0.0000,0.0000,0.0000,r_u
1003,0.0000,0.0000,0.0000,0.0000,0.0000,r_u
1018,0.0000,0.0000,0.0000,0.0000,0.0000,r_u
