feature,precision,recall,f1,jaccard
652,0.5570,0.2901,0.3815,0.2360
138,0.5541,0.2886,0.3795,0.2346
530,0.5450,0.2838,0.3733,0.2300
772,0.5447,0.2837,0.3731,0.2298
675,0.5220,0.2719,0.3575,0.2183
754,0.5133,0.2673,0.3516,0.2135
614,0.5045,0.2627,0.3455,0.2090
570,0.5005,0.2607,0.3428,0.2075
212,0.4931,0.2568,0.3378,0.2036
565,0.4678,0.2436,0.3204,0.1911
72,0.4659,0.2426,0.3191,0.1902
592,0.4423,0.2304,0.3030,0.1789
349,0.4341,0.2261,0.2973,0.1755
248,0.4233,0.2205,0.2899,0.1698
603,0.4189,0.2182,0.2870,0.1678
63,0.4145,0.2159,0.2839,0.1658
560,0.3800,0.1979,0.2603,0.1499
1006,0.3755,0.1956,0.2572,0.1478
800,0.3713,0.1934,0.2543,0.1459
888,0.3665,0.1909,0.2510,0.1438
76,0.3648,0.1900,0.2498,0.1430
954,0.3522,0.1834,0.2412,0.1374
193,0.3503,0.1824,0.2399,0.1366
656,0.3487,0.1816,0.2388,0.1358
834,0.3458,0.1801,0.2369,0.1345
920,0.3456,0.1800,0.2367,0.1345
485,0.3361,0.1751,0.2302,0.1302
866,0.3350,0.1745,0.2295,0.1299
975,0.3334,0.1736,0.2283,0.1290
979,0.3329,0.1734,0.2280,0.1289
51,0.3292,0.1715,0.2255,0.1275
308,0.3269,0.1702,0.2239,0.1267
569,0.3257,0.1697,0.2231,0.1262
929,0.3237,0.1686,0.2217,0.1248
976,0.3200,0.1667,0.2192,0.1234
650,0.3197,0.1665,0.2190,0.1232
702,0.3182,0.1657,0.2179,0.1225
970,0.3113,0.1621,0.2132,0.1195
305,0.3102,0.1616,0.2125,0.1190
123,0.3100,0.1614,0.2123,0.1189
1009,0.3053,0.1590,0.2091,0.1170
492,0.3046,0.1586,0.2086,0.1166
351,0.3040,0.1584,0.2082,0.1164
941,0.3021,0.1574,0.2069,0.1157
28,0.3020,0.1573,0.2069,0.1159
302,0.3016,0.1571,0.2066,0.1153
839,0.2917,0.1519,0.1998,0.1111
83,0.2915,0.1518,0.1997,0.1111
722,0.2867,0.1493,0.1963,0.1092
532,0.2851,0.1485,0.1953,0.1094
84,0.2823,0.1471,0.1934,0.1074
211,0.2747,0.1431,0.1881,0.1040
137,0.2743,0.1429,0.1879,0.1039
500,0.2731,0.1423,0.1871,0.1036
913,0.2719,0.1416,0.1862,0.1033
14,0.2682,0.1397,0.1837,0.1014
912,0.2668,0.1390,0.1827,0.1007
691,0.2654,0.1382,0.1818,0.1003
543,0.2613,0.1361,0.1790,0.0985
369,0.2596,0.1352,0.1778,0.0977
410,0.2594,0.1351,0.1777,0.0977
48,0.2568,0.1337,0.1759,0.0966
631,0.2559,0.1333,0.1753,0.0962
948,0.2519,0.1312,0.1725,0.0946
134,0.2490,0.1297,0.1705,0.0936
895,0.2477,0.1290,0.1697,0.0929
230,0.2430,0.1266,0.1664,0.0909
202,0.2422,0.1261,0.1659,0.0906
628,0.2405,0.1253,0.1647,0.0901
231,0.2402,0.1251,0.1645,0.0899
509,0.2386,0.1243,0.1635,0.0891
937,0.2364,0.1231,0.1619,0.0882
64,0.2345,0.1222,0.1606,0.0875
348,0.2338,0.1218,0.1601,0.0871
120,0.2320,0.1208,0.1589,0.0865
301,0.2255,0.1175,0.1545,0.0838
40,0.2244,0.1169,0.1537,0.0834
33,0.2242,0.1168,0.1535,0.0833
498,0.2225,0.1159,0.1524,0.0829
127,0.2225,0.1159,0.1524,0.0827
227,0.2207,0.1149,0.1512,0.0819
714,0.2207,0.1149,0.1511,0.0819
846,0.2203,0.1147,0.1509,0.0818
822,0.2198,0.1145,0.1505,0.0816
853,0.2183,0.1137,0.1495,0.0809
325,0.2183,0.1137,0.1495,0.0809
919,0.2183,0.1137,0.1495,0.0814
92,0.2171,0.1131,0.1487,0.0805
4,0.2163,0.1127,0.1482,0.0803
247,0.2163,0.1126,0.1481,0.0801
700,0.2162,0.1126,0.1481,0.0801
338,0.2149,0.1119,0.1472,0.0796
252,0.2144,0.1116,0.1468,0.0794
413,0.2142,0.1116,0.1467,0.0793
597,0.2141,0.1115,0.1466,0.0792
991,0.2123,0.1106,0.1454,0.0787
304,0.2122,0.1105,0.1453,0.0785
18,0.2120,0.1104,0.1452,0.0784
926,0.2117,0.1102,0.1450,0.0784
674,0.2113,0.1101,0.1448,0.0781
744,0.2102,0.1095,0.1440,0.0777
739,0.2101,0.1094,0.1439,0.0778
317,0.2100,0.1094,0.1439,0.0776
100,0.2092,0.1089,0.1433,0.0776
917,0.2089,0.1088,0.1431,0.0775
511,0.2089,0.1088,0.1431,0.0774
808,0.2088,0.1088,0.1430,0.0772
160,0.2088,0.1088,0.1430,0.0771
41,0.2088,0.1088,0.1430,0.0772
660,0.2087,0.1087,0.1430,0.0772
1010,0.2082,0.1084,0.1426,0.0769
776,0.2081,0.1084,0.1425,0.0769
22,0.2077,0.1082,0.1423,0.0767
39,0.2076,0.1081,0.1422,0.0767
617,0.2074,0.1080,0.1421,0.0769
882,0.2074,0.1080,0.1420,0.0765
85,0.2068,0.1077,0.1417,0.0764
832,0.2068,0.1077,0.1416,0.0763
504,0.2066,0.1076,0.1415,0.0763
155,0.2060,0.1073,0.1411,0.0760
939,0.2057,0.1071,0.1409,0.0759
547,0.2055,0.1071,0.1408,0.0761
244,0.2055,0.1070,0.1408,0.0758
162,0.2051,0.1068,0.1405,0.0760
893,0.2050,0.1068,0.1404,0.0758
735,0.2047,0.1066,0.1402,0.0762
3,0.2046,0.1066,0.1402,0.0754
973,0.2045,0.1065,0.1401,0.0754
298,0.2043,0.1064,0.1399,0.0753
757,0.2041,0.1063,0.1398,0.0753
458,0.2034,0.1060,0.1393,0.0750
682,0.2034,0.1059,0.1393,0.0754
959,0.2033,0.1059,0.1393,0.0750
856,0.2030,0.1057,0.1390,0.0748
29,0.2022,0.1053,0.1385,0.0746
640,0.2014,0.1049,0.1380,0.0744
928,0.2014,0.1049,0.1379,0.0742
713,0.2012,0.1048,0.1378,0.0742
799,0.2011,0.1048,0.1378,0.0741
36,0.2010,0.1047,0.1377,0.0744
402,0.2010,0.1047,0.1377,0.0741
952,0.2007,0.1045,0.1374,0.0739
611,0.2004,0.1044,0.1372,0.0738
748,0.2001,0.1042,0.1371,0.0737
135,0.1999,0.1041,0.1369,0.0735
266,0.1999,0.1041,0.1369,0.0737
448,0.1999,0.1041,0.1369,0.0739
525,0.1999,0.1041,0.1369,0.0738
132,0.1996,0.1039,0.1367,0.0736
576,0.1995,0.1039,0.1367,0.0735
408,0.1995,0.1039,0.1366,0.0735
586,0.1995,0.1039,0.1366,0.0735
130,0.1991,0.1037,0.1364,0.0733
237,0.1991,0.1037,0.1364,0.0733
599,0.1990,0.1036,0.1363,0.0732
988,0.1986,0.1034,0.1360,0.0731
476,0.1986,0.1034,0.1360,0.0732
381,0.1983,0.1033,0.1358,0.0730
845,0.1979,0.1031,0.1355,0.0732
467,0.1979,0.1031,0.1355,0.0735
707,0.1973,0.1028,0.1352,0.0728
655,0.1973,0.1028,0.1351,0.0730
257,0.1973,0.1027,0.1351,0.0729
766,0.1968,0.1025,0.1348,0.0724
268,0.1966,0.1024,0.1347,0.0726
314,0.1966,0.1024,0.1347,0.0726
604,0.1964,0.1023,0.1345,0.0722
303,0.1962,0.1022,0.1344,0.0722
932,0.1962,0.1022,0.1344,0.0721
890,0.1959,0.1020,0.1342,0.0720
745,0.1958,0.1020,0.1341,0.0720
1014,0.1958,0.1020,0.1341,0.0720
580,0.1957,0.1019,0.1340,0.0720
1000,0.1946,0.1014,0.1333,0.0716
961,0.1946,0.1013,0.1333,0.0715
60,0.1944,0.1013,0.1332,0.0715
558,0.1941,0.1011,0.1330,0.0714
817,0.1935,0.1008,0.1325,0.0714
505,0.1928,0.1004,0.1321,0.0711
267,0.1926,0.1003,0.1319,0.0709
627,0.1925,0.1003,0.1319,0.0709
428,0.1923,0.1002,0.1317,0.0706
622,0.1918,0.0999,0.1314,0.0704
387,0.1915,0.0998,0.1312,0.0705
139,0.1913,0.0996,0.1310,0.0706
692,0.1910,0.0995,0.1308,0.0702
437,0.1906,0.0993,0.1305,0.0701
600,0.1906,0.0993,0.1305,0.0701
946,0.1906,0.0993,0.1305,0.0699
219,0.1903,0.0991,0.1304,0.0699
449,0.1902,0.0991,0.1303,0.0702
215,0.1902,0.0991,0.1303,0.0698
491,0.1901,0.0990,0.1302,0.0697
288,0.1900,0.0990,0.1301,0.0697
101,0.1899,0.0989,0.1301,0.0698
109,0.1898,0.0989,0.1300,0.0699
229,0.1897,0.0988,0.1300,0.0696
647,0.1893,0.0986,0.1297,0.0695
493,0.1890,0.0984,0.1295,0.0695
552,0.1889,0.0984,0.1294,0.0693
179,0.1886,0.0983,0.1292,0.0699
626,0.1884,0.0981,0.1291,0.0692
203,0.1882,0.0980,0.1289,0.0690
568,0.1872,0.0975,0.1282,0.0687
382,0.1870,0.0974,0.1281,0.0694
624,0.1869,0.0973,0.1280,0.0684
886,0.1867,0.0972,0.1279,0.0687
463,0.1866,0.0972,0.1278,0.0684
221,0.1864,0.0971,0.1277,0.0683
671,0.1862,0.0970,0.1276,0.0688
810,0.1862,0.0970,0.1275,0.0686
394,0.1861,0.0969,0.1275,0.0683
582,0.1860,0.0969,0.1274,0.0685
971,0.1858,0.0968,0.1273,0.0681
720,0.1854,0.0966,0.1270,0.0679
517,0.1851,0.0964,0.1268,0.0686
605,0.1849,0.0963,0.1266,0.0681
869,0.1848,0.0962,0.1266,0.0678
69,0.1846,0.0962,0.1265,0.0681
705,0.1846,0.0961,0.1264,0.0677
556,0.1845,0.0961,0.1264,0.0676
685,0.1844,0.0960,0.1263,0.0676
687,0.1843,0.0960,0.1262,0.0675
158,0.1822,0.0949,0.1248,0.0667
738,0.1818,0.0947,0.1245,0.0672
429,0.1812,0.0943,0.1241,0.0671
79,0.1804,0.0939,0.1235,0.0660
951,0.1803,0.0939,0.1235,0.0660
292,0.1802,0.0938,0.1234,0.0661
589,0.1801,0.0938,0.1233,0.0660
759,0.1799,0.0937,0.1232,0.0658
251,0.1798,0.0937,0.1232,0.0662
680,0.1798,0.0937,0.1232,0.0657
68,0.1796,0.0936,0.1230,0.0659
654,0.1795,0.0935,0.1230,0.0666
591,0.1793,0.0934,0.1228,0.0667
827,0.1790,0.0932,0.1226,0.0655
696,0.1780,0.0927,0.1219,0.0651
858,0.1780,0.0927,0.1219,0.0650
218,0.1776,0.0925,0.1216,0.0650
19,0.1774,0.0924,0.1215,0.0648
709,0.1773,0.0923,0.1214,0.0648
466,0.1771,0.0922,0.1213,0.0649
997,0.1769,0.0922,0.1212,0.0647
615,0.1769,0.0921,0.1212,0.0648
226,0.1764,0.0919,0.1208,0.0646
172,0.1762,0.0918,0.1207,0.0644
156,0.1758,0.0916,0.1204,0.0642
668,0.1757,0.0915,0.1204,0.0652
538,0.1752,0.0913,0.1200,0.0641
977,0.1752,0.0913,0.1200,0.0648
73,0.1751,0.0912,0.1199,0.0647
232,0.1751,0.0912,0.1199,0.0639
1017,0.1748,0.0910,0.1197,0.0638
356,0.1747,0.0910,0.1197,0.0639
350,0.1741,0.0907,0.1193,0.0636
577,0.1741,0.0907,0.1192,0.0639
144,0.1740,0.0906,0.1192,0.0635
876,0.1736,0.0904,0.1189,0.0638
949,0.1734,0.0903,0.1188,0.0634
931,0.1733,0.0902,0.1187,0.0643
815,0.1732,0.0902,0.1186,0.0632
924,0.1729,0.0901,0.1184,0.0631
963,0.1728,0.0900,0.1183,0.0635
318,0.1727,0.0899,0.1183,0.0631
688,0.1725,0.0899,0.1182,0.0630
150,0.1725,0.0898,0.1181,0.0631
368,0.1722,0.0897,0.1179,0.0638
378,0.1722,0.0897,0.1179,0.0628
673,0.1721,0.0896,0.1179,0.0628
104,0.1718,0.0895,0.1177,0.0626
455,0.1714,0.0893,0.1174,0.0627
595,0.1714,0.0893,0.1174,0.0626
695,0.1704,0.0888,0.1167,0.0630
451,0.1704,0.0887,0.1167,0.0625
469,0.1703,0.0887,0.1166,0.0621
529,0.1696,0.0884,0.1162,0.0618
146,0.1695,0.0883,0.1161,0.0628
27,0.1693,0.0882,0.1160,0.0618
196,0.1682,0.0876,0.1152,0.0623
213,0.1682,0.0876,0.1152,0.0613
729,0.1678,0.0874,0.1149,0.0619
61,0.1677,0.0874,0.1149,0.0613
587,0.1677,0.0873,0.1148,0.0611
32,0.1676,0.0873,0.1148,0.0610
978,0.1676,0.0873,0.1148,0.0610
703,0.1666,0.0868,0.1141,0.0606
545,0.1654,0.0861,0.1133,0.0602
880,0.1653,0.0861,0.1132,0.0601
205,0.1650,0.0859,0.1130,0.0600
459,0.1649,0.0859,0.1130,0.0600
35,0.1648,0.0858,0.1129,0.0600
947,0.1645,0.0857,0.1127,0.0600
527,0.1645,0.0857,0.1127,0.0598
583,0.1643,0.0856,0.1126,0.0597
352,0.1643,0.0856,0.1125,0.0602
181,0.1642,0.0855,0.1125,0.0597
339,0.1642,0.0855,0.1124,0.0597
0,0.1635,0.0852,0.1120,0.0595
186,0.1635,0.0851,0.1120,0.0594
44,0.1634,0.0851,0.1119,0.0595
261,0.1625,0.0846,0.1113,0.0590
432,0.1624,0.0846,0.1112,0.0590
441,0.1623,0.0845,0.1112,0.0602
756,0.1622,0.0845,0.1111,0.0596
818,0.1622,0.0845,0.1111,0.0591
392,0.1621,0.0844,0.1110,0.0600
285,0.1619,0.0843,0.1109,0.0589
562,0.1617,0.0842,0.1108,0.0600
94,0.1616,0.0842,0.1107,0.0587
516,0.1616,0.0842,0.1107,0.0600
388,0.1612,0.0839,0.1104,0.0594
54,0.1609,0.0838,0.1102,0.0585
867,0.1602,0.0834,0.1097,0.0582
175,0.1600,0.0833,0.1096,0.0581
360,0.1598,0.0832,0.1095,0.0593
921,0.1596,0.0832,0.1093,0.0580
121,0.1594,0.0830,0.1092,0.0578
357,0.1593,0.0830,0.1091,0.0578
641,0.1592,0.0829,0.1090,0.0578
802,0.1590,0.0828,0.1089,0.0577
623,0.1585,0.0826,0.1086,0.0576
375,0.1585,0.0826,0.1086,0.0576
34,0.1584,0.0825,0.1085,0.0585
1016,0.1582,0.0824,0.1084,0.0574
353,0.1581,0.0823,0.1083,0.0574
417,0.1579,0.0823,0.1082,0.0573
619,0.1579,0.0822,0.1081,0.0584
278,0.1575,0.0820,0.1079,0.0584
165,0.1574,0.0820,0.1078,0.0583
755,0.1573,0.0819,0.1077,0.0572
698,0.1571,0.0818,0.1076,0.0583
140,0.1570,0.0818,0.1075,0.0570
487,0.1569,0.0817,0.1075,0.0569
566,0.1567,0.0816,0.1073,0.0568
82,0.1566,0.0816,0.1073,0.0568
316,0.1557,0.0811,0.1067,0.0578
590,0.1555,0.0810,0.1065,0.0564
277,0.1551,0.0808,0.1063,0.0563
420,0.1540,0.0802,0.1055,0.0558
210,0.1529,0.0797,0.1048,0.0566
478,0.1529,0.0796,0.1047,0.0554
801,0.1527,0.0796,0.1046,0.0555
915,0.1516,0.0790,0.1038,0.0549
249,0.1505,0.0784,0.1031,0.0545
962,0.1504,0.0783,0.1030,0.0558
198,0.1503,0.0783,0.1029,0.0544
831,0.1499,0.0781,0.1027,0.0542
875,0.1495,0.0779,0.1024,0.0543
324,0.1493,0.0778,0.1023,0.0540
185,0.1492,0.0777,0.1022,0.0539
366,0.1484,0.0773,0.1017,0.0550
899,0.1469,0.0765,0.1006,0.0542
309,0.1469,0.0765,0.1006,0.0531
765,0.1462,0.0762,0.1002,0.0528
990,0.1462,0.0761,0.1001,0.0529
540,0.1451,0.0756,0.0994,0.0524
746,0.1451,0.0756,0.0994,0.0525
115,0.1444,0.0752,0.0989,0.0521
276,0.1444,0.0752,0.0989,0.0523
911,0.1440,0.0750,0.0986,0.0520
665,0.1435,0.0748,0.0983,0.0519
472,0.1426,0.0742,0.0976,0.0515
199,0.1423,0.0741,0.0974,0.0512
791,0.1417,0.0738,0.0970,0.0510
435,0.1416,0.0738,0.0970,0.0512
836,0.1410,0.0734,0.0966,0.0509
482,0.1409,0.0734,0.0965,0.0509
906,0.1408,0.0734,0.0965,0.0509
8,0.1401,0.0729,0.0959,0.0505
610,0.1399,0.0729,0.0958,0.0504
400,0.1398,0.0728,0.0958,0.0504
354,0.1396,0.0727,0.0956,0.0503
361,0.1393,0.0726,0.0954,0.0502
38,0.1390,0.0724,0.0952,0.0502
116,0.1389,0.0723,0.0951,0.0502
630,0.1387,0.0723,0.0950,0.0501
107,0.1387,0.0722,0.0950,0.0500
905,0.1385,0.0722,0.0949,0.0500
829,0.1382,0.0720,0.0947,0.0501
494,0.1379,0.0718,0.0944,0.0497
264,0.1375,0.0716,0.0942,0.0495
311,0.1374,0.0716,0.0941,0.0496
110,0.1371,0.0714,0.0939,0.0494
1019,0.1368,0.0712,0.0937,0.0492
74,0.1367,0.0712,0.0936,0.0494
573,0.1367,0.0712,0.0936,0.0492
964,0.1364,0.0710,0.0934,0.0491
981,0.1361,0.0709,0.0932,0.0505
814,0.1361,0.0709,0.0932,0.0490
584,0.1361,0.0709,0.0932,0.0490
862,0.1358,0.0707,0.0930,0.0490
481,0.1358,0.0707,0.0930,0.0488
462,0.1357,0.0707,0.0930,0.0489
581,0.1350,0.0703,0.0925,0.0486
861,0.1347,0.0701,0.0922,0.0485
994,0.1344,0.0700,0.0920,0.0498
900,0.1340,0.0698,0.0918,0.0481
758,0.1334,0.0695,0.0913,0.0479
1023,0.1330,0.0692,0.0911,0.0478
310,0.1323,0.0689,0.0906,0.0476
955,0.1322,0.0689,0.0906,0.0475
114,0.1318,0.0686,0.0903,0.0474
259,0.1317,0.0686,0.0902,0.0474
769,0.1317,0.0686,0.0902,0.0474
806,0.1314,0.0684,0.0900,0.0472
813,0.1308,0.0681,0.0896,0.0469
528,0.1307,0.0681,0.0895,0.0471
31,0.1307,0.0680,0.0895,0.0471
176,0.1306,0.0680,0.0895,0.0470
830,0.1294,0.0674,0.0886,0.0467
53,0.1294,0.0674,0.0886,0.0466
910,0.1293,0.0674,0.0886,0.0465
933,0.1280,0.0667,0.0877,0.0460
950,0.1280,0.0667,0.0877,0.0461
889,0.1276,0.0664,0.0874,0.0458
427,0.1273,0.0663,0.0872,0.0458
956,0.1269,0.0661,0.0869,0.0456
284,0.1263,0.0658,0.0865,0.0454
935,0.1262,0.0657,0.0864,0.0467
23,0.1259,0.0656,0.0862,0.0452
312,0.1254,0.0653,0.0859,0.0450
477,0.1253,0.0653,0.0858,0.0450
901,0.1252,0.0652,0.0857,0.0449
297,0.1251,0.0652,0.0857,0.0449
45,0.1249,0.0651,0.0856,0.0449
749,0.1249,0.0651,0.0856,0.0448
439,0.1244,0.0648,0.0852,0.0448
784,0.1243,0.0647,0.0851,0.0448
358,0.1240,0.0646,0.0849,0.0444
930,0.1237,0.0644,0.0847,0.0444
62,0.1229,0.0640,0.0842,0.0440
607,0.1228,0.0639,0.0841,0.0441
1001,0.1227,0.0639,0.0841,0.0440
187,0.1224,0.0638,0.0838,0.0440
383,0.1219,0.0635,0.0835,0.0436
860,0.1218,0.0634,0.0834,0.0438
404,0.1218,0.0634,0.0834,0.0437
798,0.1218,0.0634,0.0834,0.0436
425,0.1216,0.0634,0.0833,0.0435
262,0.1215,0.0633,0.0832,0.0435
279,0.1210,0.0630,0.0829,0.0434
319,0.1205,0.0628,0.0825,0.0434
881,0.1202,0.0626,0.0824,0.0430
819,0.1202,0.0626,0.0823,0.0430
638,0.1193,0.0621,0.0817,0.0428
571,0.1186,0.0618,0.0812,0.0439
173,0.1185,0.0617,0.0811,0.0424
118,0.1174,0.0612,0.0804,0.0430
236,0.1174,0.0611,0.0804,0.0420
106,0.1170,0.0609,0.0801,0.0418
362,0.1168,0.0608,0.0800,0.0418
534,0.1166,0.0608,0.0799,0.0417
957,0.1165,0.0607,0.0798,0.0417
5,0.1152,0.0600,0.0789,0.0412
775,0.1152,0.0600,0.0789,0.0412
434,0.1150,0.0599,0.0788,0.0412
371,0.1149,0.0598,0.0787,0.0410
56,0.1148,0.0598,0.0786,0.0411
848,0.1146,0.0597,0.0785,0.0409
512,0.1144,0.0596,0.0783,0.0411
762,0.1141,0.0594,0.0781,0.0408
625,0.1138,0.0593,0.0779,0.0406
778,0.1137,0.0592,0.0779,0.0406
341,0.1131,0.0589,0.0775,0.0419
391,0.1131,0.0589,0.0775,0.0405
445,0.1130,0.0589,0.0774,0.0403
269,0.1129,0.0588,0.0773,0.0403
207,0.1126,0.0587,0.0771,0.0402
488,0.1121,0.0584,0.0768,0.0403
983,0.1115,0.0580,0.0763,0.0397
844,0.1102,0.0574,0.0754,0.0407
258,0.1099,0.0573,0.0753,0.0394
43,0.1096,0.0571,0.0751,0.0392
438,0.1094,0.0570,0.0750,0.0392
6,0.1094,0.0570,0.0749,0.0407
65,0.1093,0.0569,0.0749,0.0391
359,0.1085,0.0565,0.0743,0.0387
520,0.1084,0.0564,0.0742,0.0403
659,0.1080,0.0562,0.0740,0.0386
1020,0.1079,0.0562,0.0739,0.0385
192,0.1071,0.0558,0.0733,0.0396
131,0.1067,0.0556,0.0731,0.0379
579,0.1066,0.0555,0.0730,0.0381
475,0.1065,0.0555,0.0730,0.0379
783,0.1060,0.0552,0.0726,0.0378
535,0.1058,0.0551,0.0724,0.0377
89,0.1057,0.0551,0.0724,0.0379
945,0.1057,0.0550,0.0724,0.0376
908,0.1054,0.0549,0.0722,0.0391
157,0.1052,0.0548,0.0720,0.0374
340,0.1048,0.0546,0.0718,0.0374
953,0.1043,0.0543,0.0715,0.0371
401,0.1042,0.0543,0.0714,0.0372
854,0.1041,0.0542,0.0713,0.0370
1021,0.1039,0.0541,0.0711,0.0370
825,0.1037,0.0540,0.0710,0.0370
747,0.1036,0.0540,0.0710,0.0369
71,0.1026,0.0534,0.0703,0.0367
99,0.1026,0.0534,0.0702,0.0366
20,0.1018,0.0530,0.0697,0.0361
697,0.1015,0.0528,0.0695,0.0376
662,0.1014,0.0528,0.0695,0.0360
50,0.1014,0.0528,0.0694,0.0360
47,0.1012,0.0527,0.0693,0.0361
773,0.1005,0.0524,0.0688,0.0358
1011,0.1004,0.0523,0.0687,0.0373
732,0.1002,0.0522,0.0686,0.0356
329,0.0999,0.0520,0.0684,0.0370
968,0.0993,0.0517,0.0680,0.0352
282,0.0991,0.0516,0.0679,0.0354
483,0.0986,0.0513,0.0675,0.0350
989,0.0978,0.0510,0.0670,0.0348
972,0.0975,0.0508,0.0668,0.0346
884,0.0975,0.0508,0.0668,0.0348
191,0.0971,0.0506,0.0665,0.0347
523,0.0970,0.0505,0.0664,0.0344
667,0.0968,0.0504,0.0663,0.0343
721,0.0962,0.0501,0.0659,0.0341
418,0.0961,0.0501,0.0658,0.0355
503,0.0961,0.0500,0.0658,0.0342
255,0.0957,0.0498,0.0656,0.0356
719,0.0953,0.0497,0.0653,0.0338
643,0.0948,0.0494,0.0649,0.0338
330,0.0947,0.0493,0.0649,0.0352
274,0.0947,0.0493,0.0648,0.0336
17,0.0943,0.0491,0.0646,0.0335
87,0.0933,0.0486,0.0639,0.0330
372,0.0932,0.0485,0.0638,0.0330
342,0.0926,0.0482,0.0634,0.0329
621,0.0924,0.0481,0.0633,0.0328
841,0.0919,0.0479,0.0630,0.0326
293,0.0917,0.0477,0.0628,0.0339
883,0.0915,0.0476,0.0627,0.0326
2,0.0908,0.0473,0.0622,0.0323
887,0.0906,0.0472,0.0620,0.0335
1,0.0905,0.0472,0.0620,0.0321
119,0.0901,0.0469,0.0617,0.0321
657,0.0894,0.0466,0.0613,0.0331
370,0.0889,0.0463,0.0609,0.0316
405,0.0875,0.0456,0.0600,0.0310
501,0.0870,0.0453,0.0596,0.0309
235,0.0865,0.0451,0.0593,0.0306
727,0.0865,0.0450,0.0592,0.0320
835,0.0854,0.0445,0.0585,0.0316
117,0.0853,0.0444,0.0584,0.0302
271,0.0846,0.0440,0.0579,0.0301
840,0.0844,0.0440,0.0578,0.0300
30,0.0844,0.0439,0.0578,0.0313
398,0.0841,0.0438,0.0576,0.0299
1012,0.0841,0.0438,0.0576,0.0297
16,0.0839,0.0437,0.0574,0.0299
403,0.0838,0.0437,0.0574,0.0310
409,0.0835,0.0435,0.0572,0.0310
433,0.0833,0.0434,0.0570,0.0294
470,0.0828,0.0431,0.0567,0.0294
88,0.0826,0.0430,0.0565,0.0291
105,0.0825,0.0430,0.0565,0.0292
70,0.0820,0.0427,0.0562,0.0290
250,0.0814,0.0424,0.0557,0.0287
12,0.0809,0.0422,0.0554,0.0287
300,0.0807,0.0420,0.0553,0.0287
737,0.0805,0.0419,0.0551,0.0285
873,0.0804,0.0419,0.0551,0.0285
804,0.0792,0.0412,0.0542,0.0279
649,0.0790,0.0412,0.0541,0.0279
286,0.0789,0.0411,0.0540,0.0279
689,0.0784,0.0408,0.0537,0.0291
1015,0.0774,0.0403,0.0530,0.0273
850,0.0771,0.0401,0.0528,0.0272
518,0.0769,0.0400,0.0527,0.0271
987,0.0766,0.0399,0.0525,0.0285
914,0.0761,0.0397,0.0522,0.0282
414,0.0752,0.0391,0.0515,0.0265
811,0.0751,0.0391,0.0514,0.0266
345,0.0750,0.0391,0.0514,0.0265
37,0.0750,0.0390,0.0514,0.0279
396,0.0748,0.0390,0.0512,0.0265
704,0.0741,0.0386,0.0507,0.0261
984,0.0739,0.0385,0.0506,0.0260
789,0.0739,0.0385,0.0506,0.0261
457,0.0735,0.0383,0.0503,0.0258
443,0.0717,0.0374,0.0491,0.0253
526,0.0716,0.0373,0.0490,0.0266
897,0.0714,0.0372,0.0489,0.0251
768,0.0712,0.0371,0.0487,0.0251
13,0.0711,0.0370,0.0487,0.0250
902,0.0710,0.0370,0.0486,0.0250
239,0.0706,0.0368,0.0484,0.0249
322,0.0704,0.0367,0.0482,0.0247
877,0.0698,0.0364,0.0478,0.0248
315,0.0696,0.0363,0.0477,0.0259
742,0.0695,0.0362,0.0476,0.0244
781,0.0695,0.0362,0.0476,0.0244
464,0.0693,0.0361,0.0475,0.0258
967,0.0693,0.0361,0.0474,0.0244
922,0.0692,0.0361,0.0474,0.0244
335,0.0691,0.0360,0.0474,0.0244
180,0.0687,0.0358,0.0471,0.0242
863,0.0674,0.0351,0.0462,0.0237
879,0.0674,0.0351,0.0461,0.0239
111,0.0673,0.0351,0.0461,0.0239
736,0.0672,0.0350,0.0460,0.0237
629,0.0668,0.0348,0.0458,0.0235
820,0.0664,0.0346,0.0455,0.0234
878,0.0662,0.0345,0.0453,0.0232
965,0.0662,0.0345,0.0453,0.0233
241,0.0652,0.0340,0.0447,0.0229
395,0.0649,0.0338,0.0444,0.0228
189,0.0649,0.0338,0.0444,0.0229
909,0.0636,0.0331,0.0435,0.0225
752,0.0635,0.0331,0.0435,0.0224
896,0.0635,0.0331,0.0435,0.0235
347,0.0633,0.0330,0.0434,0.0234
750,0.0632,0.0329,0.0433,0.0221
495,0.0631,0.0328,0.0432,0.0222
294,0.0628,0.0327,0.0430,0.0221
760,0.0619,0.0322,0.0424,0.0217
399,0.0616,0.0321,0.0422,0.0228
786,0.0615,0.0320,0.0421,0.0217
843,0.0607,0.0316,0.0416,0.0213
188,0.0604,0.0315,0.0414,0.0225
728,0.0603,0.0314,0.0413,0.0224
456,0.0602,0.0313,0.0412,0.0212
903,0.0601,0.0313,0.0411,0.0211
805,0.0600,0.0312,0.0411,0.0211
25,0.0597,0.0311,0.0409,0.0221
857,0.0596,0.0311,0.0408,0.0209
377,0.0592,0.0309,0.0406,0.0207
943,0.0587,0.0306,0.0402,0.0206
287,0.0584,0.0304,0.0400,0.0205
730,0.0581,0.0303,0.0398,0.0205
421,0.0574,0.0299,0.0393,0.0202
419,0.0563,0.0293,0.0386,0.0208
265,0.0559,0.0291,0.0383,0.0196
126,0.0557,0.0290,0.0382,0.0196
426,0.0555,0.0289,0.0380,0.0195
240,0.0546,0.0285,0.0374,0.0193
474,0.0539,0.0281,0.0369,0.0189
574,0.0537,0.0279,0.0368,0.0188
11,0.0524,0.0273,0.0359,0.0194
852,0.0522,0.0272,0.0357,0.0182
452,0.0522,0.0272,0.0357,0.0183
874,0.0521,0.0271,0.0357,0.0183
588,0.0521,0.0271,0.0357,0.0194
794,0.0520,0.0271,0.0356,0.0192
864,0.0518,0.0270,0.0355,0.0183
795,0.0518,0.0270,0.0355,0.0182
122,0.0516,0.0269,0.0353,0.0191
898,0.0513,0.0267,0.0352,0.0181
145,0.0513,0.0267,0.0351,0.0180
90,0.0510,0.0266,0.0349,0.0178
136,0.0508,0.0264,0.0348,0.0179
454,0.0505,0.0263,0.0346,0.0178
272,0.0505,0.0263,0.0346,0.0187
508,0.0505,0.0263,0.0346,0.0177
246,0.0503,0.0262,0.0345,0.0176
690,0.0501,0.0261,0.0343,0.0175
681,0.0499,0.0260,0.0342,0.0174
389,0.0498,0.0260,0.0341,0.0174
918,0.0498,0.0259,0.0341,0.0175
217,0.0497,0.0259,0.0340,0.0173
774,0.0496,0.0258,0.0340,0.0173
872,0.0494,0.0257,0.0338,0.0172
510,0.0490,0.0255,0.0335,0.0171
296,0.0489,0.0255,0.0335,0.0171
684,0.0489,0.0255,0.0335,0.0171
710,0.0488,0.0254,0.0334,0.0170
646,0.0487,0.0254,0.0334,0.0171
507,0.0486,0.0253,0.0333,0.0172
465,0.0485,0.0253,0.0332,0.0173
204,0.0476,0.0248,0.0326,0.0176
632,0.0474,0.0247,0.0325,0.0176
554,0.0471,0.0246,0.0323,0.0165
220,0.0459,0.0239,0.0315,0.0160
95,0.0452,0.0235,0.0309,0.0167
208,0.0450,0.0234,0.0308,0.0167
473,0.0449,0.0234,0.0308,0.0157
699,0.0448,0.0233,0.0307,0.0157
715,0.0447,0.0233,0.0306,0.0157
986,0.0444,0.0231,0.0304,0.0156
927,0.0444,0.0231,0.0304,0.0165
606,0.0443,0.0231,0.0303,0.0164
59,0.0438,0.0228,0.0300,0.0162
148,0.0438,0.0228,0.0300,0.0153
75,0.0437,0.0227,0.0299,0.0154
78,0.0433,0.0226,0.0297,0.0152
323,0.0430,0.0224,0.0294,0.0149
925,0.0430,0.0224,0.0294,0.0152
548,0.0417,0.0217,0.0286,0.0154
790,0.0414,0.0215,0.0283,0.0145
553,0.0413,0.0215,0.0283,0.0153
616,0.0411,0.0214,0.0282,0.0145
613,0.0408,0.0212,0.0279,0.0151
753,0.0404,0.0210,0.0277,0.0140
385,0.0398,0.0207,0.0273,0.0139
779,0.0394,0.0205,0.0270,0.0145
724,0.0390,0.0203,0.0267,0.0137
706,0.0389,0.0203,0.0267,0.0136
363,0.0387,0.0202,0.0265,0.0144
734,0.0387,0.0201,0.0265,0.0135
91,0.0386,0.0201,0.0265,0.0135
1013,0.0385,0.0200,0.0264,0.0134
333,0.0382,0.0199,0.0262,0.0142
424,0.0379,0.0197,0.0260,0.0132
633,0.0377,0.0196,0.0258,0.0132
944,0.0373,0.0194,0.0255,0.0130
151,0.0369,0.0192,0.0253,0.0129
133,0.0367,0.0191,0.0251,0.0136
740,0.0363,0.0189,0.0248,0.0126
270,0.0356,0.0186,0.0244,0.0124
332,0.0341,0.0178,0.0234,0.0126
637,0.0335,0.0174,0.0229,0.0116
797,0.0331,0.0172,0.0227,0.0123
245,0.0331,0.0172,0.0226,0.0117
367,0.0329,0.0172,0.0226,0.0115
453,0.0328,0.0171,0.0224,0.0114
306,0.0327,0.0170,0.0224,0.0116
998,0.0327,0.0170,0.0224,0.0121
57,0.0314,0.0163,0.0215,0.0110
66,0.0312,0.0162,0.0214,0.0115
1008,0.0311,0.0162,0.0213,0.0115
693,0.0310,0.0161,0.0212,0.0108
21,0.0310,0.0161,0.0212,0.0109
26,0.0306,0.0159,0.0209,0.0106
826,0.0303,0.0158,0.0208,0.0106
194,0.0297,0.0155,0.0203,0.0103
969,0.0291,0.0152,0.0199,0.0101
557,0.0289,0.0151,0.0198,0.0102
701,0.0287,0.0150,0.0197,0.0106
174,0.0284,0.0148,0.0195,0.0105
542,0.0282,0.0147,0.0193,0.0105
672,0.0281,0.0146,0.0193,0.0098
263,0.0277,0.0144,0.0190,0.0096
904,0.0274,0.0143,0.0188,0.0095
197,0.0274,0.0143,0.0187,0.0095
658,0.0263,0.0137,0.0180,0.0091
868,0.0260,0.0135,0.0178,0.0093
167,0.0259,0.0135,0.0177,0.0096
870,0.0256,0.0133,0.0176,0.0095
513,0.0256,0.0133,0.0175,0.0095
596,0.0246,0.0128,0.0169,0.0091
601,0.0245,0.0128,0.0168,0.0087
299,0.0239,0.0125,0.0164,0.0086
52,0.0231,0.0121,0.0158,0.0083
1004,0.0230,0.0120,0.0157,0.0085
81,0.0230,0.0120,0.0157,0.0079
725,0.0229,0.0119,0.0157,0.0080
411,0.0223,0.0116,0.0153,0.0083
256,0.0222,0.0116,0.0152,0.0077
661,0.0221,0.0115,0.0151,0.0078
169,0.0218,0.0113,0.0149,0.0076
726,0.0216,0.0113,0.0148,0.0080
450,0.0216,0.0112,0.0148,0.0075
639,0.0215,0.0112,0.0147,0.0074
594,0.0215,0.0112,0.0147,0.0074
200,0.0208,0.0108,0.0142,0.0072
253,0.0205,0.0107,0.0141,0.0076
1022,0.0205,0.0107,0.0140,0.0071
551,0.0202,0.0105,0.0138,0.0071
780,0.0201,0.0105,0.0137,0.0069
182,0.0201,0.0104,0.0137,0.0074
124,0.0199,0.0104,0.0136,0.0074
974,0.0198,0.0103,0.0136,0.0069
460,0.0195,0.0102,0.0134,0.0073
343,0.0190,0.0099,0.0130,0.0067
803,0.0189,0.0098,0.0129,0.0066
996,0.0189,0.0098,0.0129,0.0068
142,0.0185,0.0096,0.0127,0.0068
602,0.0184,0.0096,0.0126,0.0068
644,0.0183,0.0095,0.0125,0.0068
938,0.0182,0.0095,0.0125,0.0068
608,0.0181,0.0095,0.0124,0.0063
58,0.0179,0.0093,0.0123,0.0066
537,0.0179,0.0093,0.0122,0.0063
585,0.0178,0.0093,0.0122,0.0063
1007,0.0172,0.0090,0.0118,0.0064
113,0.0172,0.0090,0.0118,0.0060
195,0.0171,0.0089,0.0117,0.0059
733,0.0170,0.0089,0.0117,0.0061
821,0.0170,0.0089,0.0117,0.0063
42,0.0169,0.0088,0.0115,0.0062
851,0.0168,0.0087,0.0115,0.0058
260,0.0168,0.0087,0.0115,0.0061
102,0.0167,0.0087,0.0114,0.0058
373,0.0166,0.0086,0.0114,0.0062
289,0.0162,0.0085,0.0111,0.0056
792,0.0160,0.0083,0.0109,0.0059
214,0.0152,0.0079,0.0104,0.0054
771,0.0151,0.0079,0.0104,0.0056
77,0.0150,0.0078,0.0102,0.0052
763,0.0146,0.0076,0.0100,0.0050
966,0.0144,0.0075,0.0099,0.0050
923,0.0143,0.0075,0.0098,0.0053
743,0.0142,0.0074,0.0098,0.0053
885,0.0140,0.0073,0.0096,0.0052
406,0.0140,0.0073,0.0096,0.0048
96,0.0139,0.0073,0.0095,0.0052
128,0.0137,0.0071,0.0094,0.0051
515,0.0136,0.0071,0.0093,0.0050
9,0.0135,0.0070,0.0093,0.0050
440,0.0134,0.0070,0.0092,0.0046
161,0.0132,0.0069,0.0091,0.0049
166,0.0131,0.0068,0.0090,0.0045
98,0.0131,0.0068,0.0090,0.0046
651,0.0126,0.0066,0.0086,0.0044
677,0.0126,0.0066,0.0086,0.0046
327,0.0125,0.0065,0.0086,0.0046
178,0.0125,0.0065,0.0085,0.0046
761,0.0122,0.0064,0.0084,0.0042
575,0.0121,0.0063,0.0083,0.0043
561,0.0121,0.0063,0.0083,0.0043
741,0.0121,0.0063,0.0083,0.0045
993,0.0118,0.0062,0.0081,0.0044
7,0.0118,0.0061,0.0080,0.0044
10,0.0118,0.0061,0.0080,0.0044
15,0.0118,0.0061,0.0080,0.0044
46,0.0118,0.0061,0.0080,0.0044
55,0.0118,0.0061,0.0080,0.0044
80,0.0118,0.0061,0.0080,0.0044
86,0.0118,0.0061,0.0080,0.0044
97,0.0118,0.0061,0.0080,0.0044
103,0.0118,0.0061,0.0080,0.0044
112,0.0118,0.0061,0.0080,0.0044
125,0.0118,0.0061,0.0080,0.0044
129,0.0118,0.0061,0.0080,0.0044
143,0.0118,0.0061,0.0080,0.0044
149,0.0118,0.0061,0.0080,0.0044
152,0.0118,0.0061,0.0080,0.0044
154,0.0118,0.0061,0.0080,0.0044
159,0.0118,0.0061,0.0080,0.0044
168,0.0118,0.0061,0.0080,0.0044
190,0.0118,0.0061,0.0080,0.0044
201,0.0118,0.0061,0.0080,0.0044
206,0.0118,0.0061,0.0080,0.0044
216,0.0118,0.0061,0.0080,0.0044
222,0.0118,0.0061,0.0080,0.0044
223,0.0118,0.0061,0.0080,0.0044
224,0.0118,0.0061,0.0080,0.0044
228,0.0118,0.0061,0.0080,0.0044
233,0.0118,0.0061,0.0080,0.0044
234,0.0118,0.0061,0.0080,0.0044
238,0.0118,0.0061,0.0080,0.0044
280,0.0118,0.0061,0.0080,0.0044
281,0.0118,0.0061,0.0080,0.0044
283,0.0118,0.0061,0.0080,0.0044
290,0.0118,0.0061,0.0080,0.0044
313,0.0118,0.0061,0.0080,0.0044
320,0.0118,0.0061,0.0080,0.0044
321,0.0118,0.0061,0.0080,0.0044
328,0.0118,0.0061,0.0080,0.0044
334,0.0118,0.0061,0.0080,0.0044
337,0.0118,0.0061,0.0080,0.0044
346,0.0118,0.0061,0.0080,0.0044
364,0.0118,0.0061,0.0080,0.0044
365,0.0118,0.0061,0.0080,0.0044
374,0.0118,0.0061,0.0080,0.0044
376,0.0118,0.0061,0.0080,0.0044
384,0.0118,0.0061,0.0080,0.0044
390,0.0118,0.0061,0.0080,0.0044
393,0.0118,0.0061,0.0080,0.0044
416,0.0118,0.0061,0.0080,0.0044
422,0.0118,0.0061,0.0080,0.0044
423,0.0118,0.0061,0.0080,0.0044
430,0.0118,0.0061,0.0080,0.0044
431,0.0118,0.0061,0.0080,0.0044
436,0.0118,0.0061,0.0080,0.0044
442,0.0118,0.0061,0.0080,0.0044
446,0.0118,0.0061,0.0080,0.0044
447,0.0118,0.0061,0.0080,0.0044
479,0.0118,0.0061,0.0080,0.0044
489,0.0118,0.0061,0.0080,0.0044
490,0.0118,0.0061,0.0080,0.0044
499,0.0118,0.0061,0.0080,0.0044
506,0.0118,0.0061,0.0080,0.0044
521,0.0118,0.0061,0.0080,0.0044
539,0.0118,0.0061,0.0080,0.0044
549,0.0118,0.0061,0.0080,0.0044
550,0.0118,0.0061,0.0080,0.0044
555,0.0118,0.0061,0.0080,0.0044
559,0.0118,0.0061,0.0080,0.0044
598,0.0118,0.0061,0.0080,0.0044
609,0.0118,0.0061,0.0080,0.0044
620,0.0118,0.0061,0.0080,0.0044
634,0.0118,0.0061,0.0080,0.0044
635,0.0118,0.0061,0.0080,0.0044
636,0.0118,0.0061,0.0080,0.0044
653,0.0118,0.0061,0.0080,0.0044
663,0.0118,0.0061,0.0080,0.0044
669,0.0118,0.0061,0.0080,0.0044
670,0.0118,0.0061,0.0080,0.0044
676,0.0118,0.0061,0.0080,0.0044
678,0.0118,0.0061,0.0080,0.0044
679,0.0118,0.0061,0.0080,0.0044
708,0.0118,0.0061,0.0080,0.0044
712,0.0118,0.0061,0.0080,0.0044
718,0.0118,0.0061,0.0080,0.0044
751,0.0118,0.0061,0.0080,0.0044
764,0.0118,0.0061,0.0080,0.0044
777,0.0118,0.0061,0.0080,0.0044
785,0.0118,0.0061,0.0080,0.0044
787,0.0118,0.0061,0.0080,0.0044
793,0.0118,0.0061,0.0080,0.0044
807,0.0118,0.0061,0.0080,0.0044
812,0.0118,0.0061,0.0080,0.0044
823,0.0118,0.0061,0.0080,0.0044
828,0.0118,0.0061,0.0080,0.0044
837,0.0118,0.0061,0.0080,0.0044
838,0.0118,0.0061,0.0080,0.0044
847,0.0118,0.0061,0.0080,0.0044
865,0.0118,0.0061,0.0080,0.0044
871,0.0118,0.0061,0.0080,0.0044
891,0.0118,0.0061,0.0080,0.0044
892,0.0118,0.0061,0.0080,0.0044
907,0.0118,0.0061,0.0080,0.0044
936,0.0118,0.0061,0.0080,0.0044
940,0.0118,0.0061,0.0080,0.0044
958,0.0118,0.0061,0.0080,0.0044
980,0.0118,0.0061,0.0080,0.0044
982,0.0118,0.0061,0.0080,0.0044
985,0.0118,0.0061,0.0080,0.0044
995,0.0118,0.0061,0.0080,0.0044
1002,0.0118,0.0061,0.0080,0.0044
1003,0.0118,0.0061,0.0080,0.0044
1018,0.0118,0.0061,0.0080,0.0044
355,0.0118,0.0061,0.0080,0.0043
578,0.0117,0.0061,0.0080,0.0043
859,0.0115,0.0060,0.0079,0.0040
380,0.0114,0.0060,0.0078,0.0042
1005,0.0113,0.0059,0.0077,0.0042
824,0.0112,0.0058,0.0077,0.0042
816,0.0111,0.0058,0.0076,0.0038
593,0.0108,0.0056,0.0074,0.0039
484,0.0102,0.0053,0.0070,0.0035
496,0.0099,0.0051,0.0068,0.0036
572,0.0098,0.0051,0.0067,0.0034
686,0.0097,0.0050,0.0066,0.0034
295,0.0093,0.0048,0.0064,0.0034
855,0.0093,0.0048,0.0064,0.0034
164,0.0092,0.0048,0.0063,0.0032
992,0.0089,0.0046,0.0061,0.0031
612,0.0088,0.0046,0.0060,0.0031
519,0.0086,0.0045,0.0059,0.0029
486,0.0080,0.0042,0.0055,0.0027
468,0.0080,0.0042,0.0055,0.0029
386,0.0079,0.0041,0.0054,0.0027
93,0.0078,0.0041,0.0054,0.0028
183,0.0078,0.0041,0.0053,0.0027
564,0.0078,0.0040,0.0053,0.0027
618,0.0076,0.0039,0.0052,0.0028
407,0.0075,0.0039,0.0051,0.0027
153,0.0073,0.0038,0.0050,0.0026
999,0.0067,0.0035,0.0046,0.0024
533,0.0066,0.0034,0.0045,0.0023
108,0.0066,0.0034,0.0045,0.0023
833,0.0061,0.0032,0.0042,0.0021
770,0.0059,0.0031,0.0041,0.0022
225,0.0059,0.0031,0.0040,0.0021
242,0.0059,0.0031,0.0040,0.0020
291,0.0059,0.0031,0.0040,0.0021
243,0.0055,0.0029,0.0038,0.0020
514,0.0054,0.0028,0.0037,0.0019
273,0.0049,0.0026,0.0034,0.0018
567,0.0049,0.0025,0.0034,0.0017
275,0.0047,0.0025,0.0032,0.0017
471,0.0045,0.0023,0.0031,0.0017
942,0.0045,0.0023,0.0031,0.0015
307,0.0044,0.0023,0.0030,0.0016
546,0.0044,0.0023,0.0030,0.0016
397,0.0043,0.0022,0.0030,0.0015
645,0.0042,0.0022,0.0028,0.0015
544,0.0040,0.0021,0.0027,0.0014
344,0.0039,0.0020,0.0027,0.0013
796,0.0037,0.0019,0.0025,0.0014
788,0.0032,0.0017,0.0022,0.0011
642,0.0030,0.0016,0.0020,0.0011
412,0.0029,0.0015,0.0020,0.0011
141,0.0029,0.0015,0.0020,0.0010
916,0.0028,0.0015,0.0019,0.0010
209,0.0028,0.0014,0.0019,0.0010
842,0.0027,0.0014,0.0019,0.0010
960,0.0026,0.0014,0.0018,0.0010
664,0.0026,0.0014,0.0018,0.0010
716,0.0026,0.0013,0.0017,0.0009
894,0.0025,0.0013,0.0017,0.0009
683,0.0025,0.0013,0.0017,0.0009
782,0.0021,0.0011,0.0014,0.0008
536,0.0020,0.0011,0.0014,0.0008
49,0.0019,0.0010,0.0013,0.0007
24,0.0016,0.0009,0.0011,0.0006
461,0.0016,0.0009,0.0011,0.0006
184,0.0015,0.0008,0.0010,0.0005
809,0.0013,0.0007,0.0009,0.0005
541,0.0013,0.0007,0.0009,0.0005
67,0.0012,0.0006,0.0008,0.0004
336,0.0011,0.0006,0.0007,0.0004
723,0.0010,0.0005,0.0007,0.0004
502,0.0010,0.0005,0.0007,0.0003
171,0.0009,0.0005,0.0006,0.0003
694,0.0009,0.0005,0.0006,0.0003
177,0.0009,0.0004,0.0006,0.0003
147,0.0008,0.0004,0.0005,0.0003
934,0.0007,0.0004,0.0005,0.0002
254,0.0007,0.0004,0.0005,0.0003
666,0.0006,0.0003,0.0004,0.0002
648,0.0006,0.0003,0.0004,0.0002
415,0.0005,0.0002,0.0003,0.0002
524,0.0005,0.0002,0.0003,0.0002
497,0.0004,0.0002,0.0003,0.0001
522,0.0004,0.0002,0.0003,0.0001
326,0.0003,0.0001,0.0002,0.0001
444,0.0003,0.0001,0.0002,0.0001
163,0.0002,0.0001,0.0001,0.0001
717,0.0001,0.0001,0.0001,0.0000
563,0.0001,0.0001,0.0001,0.0000
767,0.0001,0.0000,0.0000,0.0000
480,0.0001,0.0000,0.0000,0.0000
531,0.0000,0.0000,0.0000,0.0000
331,0.0000,0.0000,0.0000,0.0000
379,0.0000,0.0000,0.0000,0.0000
170,0.0000,0.0000,0.0000,0.0000
711,0.0000,0.0000,0.0000,0.0000
731,0.0000,0.0000,0.0000,0.0000
849,0.0000,0.0000,0.0000,0.0000
